employee_id,attrition_flag,exit_date,exit_reason
E100000,No,,
E100001,No,,
E100002,No,,
E100003,No,,
E100004,No,,
E100005,No,,
E100006,No,,
E100007,No,,
E100008,No,,
E100009,No,,
E100010,No,,
E100011,No,,
E100012,No,,
E100013,No,,
E100014,No,,
E100015,No,,
E100016,No,,
E100017,No,,
E100018,No,,
E100019,No,,
E100020,No,,
E100021,No,,
E100022,Yes,2022-12-04,Career Stagnation
E100023,No,,
E100024,No,,
E100025,Yes,2022-01-08,Work-Life Balance
E100026,No,,
E100027,No,,
E100028,No,,
E100029,No,,
E100030,No,,
E100031,Yes,2022-06-06,Manager Issues
E100032,Yes,2023-10-27,Manager Issues
E100033,Yes,2024-11-30,Manager Issues
E100034,No,,
E100035,No,,
E100036,No,,
E100037,Yes,2019-10-12,Better Pay
E100038,No,,
E100039,No,,
E100040,Yes,2020-07-05,Better Pay
E100041,No,,
E100042,No,,
E100043,Yes,2020-11-19,Career Stagnation
E100044,No,,
E100045,Yes,2026-04-19,Manager Issues
E100046,No,,
E100047,No,,
E100048,No,,
E100049,No,,
E100050,Yes,2022-07-23,Career Stagnation
E100051,No,,
E100052,No,,
E100053,No,,
E100054,No,,
E100055,No,,
E100056,Yes,2023-04-26,Work-Life Balance
E100057,No,,
E100058,Yes,2023-04-28,Career Stagnation
E100059,No,,
E100060,No,,
E100061,No,,
E100062,No,,
E100063,No,,
E100064,No,,
E100065,No,,
E100066,Yes,2021-11-27,Career Stagnation
E100067,Yes,2019-11-05,Career Stagnation
E100068,No,,
E100069,No,,
E100070,No,,
E100071,No,,
E100072,No,,
E100073,No,,
E100074,Yes,2020-02-25,Better Pay
E100075,No,,
E100076,No,,
E100077,No,,
E100078,Yes,2027-07-21,Work-Life Balance
E100079,No,,
E100080,Yes,2021-03-24,Manager Issues
E100081,No,,
E100082,Yes,2020-04-12,Work-Life Balance
E100083,No,,
E100084,No,,
E100085,No,,
E100086,No,,
E100087,No,,
E100088,No,,
E100089,No,,
E100090,Yes,2024-11-01,Better Pay
E100091,No,,
E100092,No,,
E100093,No,,
E100094,No,,
E100095,Yes,2024-12-13,Career Stagnation
E100096,No,,
E100097,No,,
E100098,No,,
E100099,No,,
E100100,No,,
E100101,No,,
E100102,No,,
E100103,No,,
E100104,Yes,2026-03-05,Better Pay
E100105,No,,
E100106,No,,
E100107,Yes,2022-09-28,Better Pay
E100108,No,,
E100109,No,,
E100110,No,,
E100111,No,,
E100112,Yes,2022-11-26,Better Pay
E100113,Yes,2025-01-18,Manager Issues
E100114,No,,
E100115,No,,
E100116,No,,
E100117,No,,
E100118,No,,
E100119,No,,
E100120,Yes,2018-03-31,Better Pay
E100121,No,,
E100122,Yes,2022-09-19,Better Pay
E100123,No,,
E100124,No,,
E100125,No,,
E100126,No,,
E100127,Yes,2025-05-05,Career Stagnation
E100128,Yes,2025-03-02,Better Pay
E100129,No,,
E100130,No,,
E100131,No,,
E100132,No,,
E100133,No,,
E100134,No,,
E100135,No,,
E100136,No,,
E100137,No,,
E100138,No,,
E100139,No,,
E100140,Yes,2022-04-14,Better Pay
E100141,No,,
E100142,No,,
E100143,No,,
E100144,No,,
E100145,No,,
E100146,No,,
E100147,No,,
E100148,Yes,2020-09-04,Career Stagnation
E100149,No,,
E100150,No,,
E100151,No,,
E100152,No,,
E100153,No,,
E100154,No,,
E100155,Yes,2022-02-27,Better Pay
E100156,No,,
E100157,No,,
E100158,No,,
E100159,No,,
E100160,No,,
E100161,No,,
E100162,Yes,2027-09-28,Better Pay
E100163,Yes,2026-12-02,Career Stagnation
E100164,No,,
E100165,No,,
E100166,No,,
E100167,No,,
E100168,No,,
E100169,No,,
E100170,No,,
E100171,No,,
E100172,No,,
E100173,No,,
E100174,No,,
E100175,No,,
E100176,No,,
E100177,Yes,2026-06-26,Manager Issues
E100178,Yes,2018-08-08,Manager Issues
E100179,No,,
E100180,Yes,2024-04-04,Work-Life Balance
E100181,No,,
E100182,No,,
E100183,No,,
E100184,No,,
E100185,No,,
E100186,Yes,2024-10-05,Manager Issues
E100187,No,,
E100188,No,,
E100189,No,,
E100190,Yes,2025-07-11,Better Pay
E100191,No,,
E100192,No,,
E100193,No,,
E100194,No,,
E100195,No,,
E100196,No,,
E100197,No,,
E100198,No,,
E100199,Yes,2023-02-02,Career Stagnation
E100200,No,,
E100201,No,,
E100202,No,,
E100203,No,,
E100204,Yes,2026-02-01,Manager Issues
E100205,No,,
E100206,Yes,2021-07-26,Work-Life Balance
E100207,No,,
E100208,Yes,2022-03-23,Manager Issues
E100209,No,,
E100210,No,,
E100211,No,,
E100212,Yes,2023-05-30,Career Stagnation
E100213,No,,
E100214,No,,
E100215,Yes,2017-09-03,Better Pay
E100216,Yes,2022-06-05,Better Pay
E100217,No,,
E100218,No,,
E100219,No,,
E100220,No,,
E100221,No,,
E100222,Yes,2023-03-12,Better Pay
E100223,Yes,2024-08-15,Work-Life Balance
E100224,No,,
E100225,No,,
E100226,Yes,2021-11-27,Career Stagnation
E100227,No,,
E100228,No,,
E100229,No,,
E100230,No,,
E100231,No,,
E100232,Yes,2019-07-05,Manager Issues
E100233,Yes,2022-01-23,Better Pay
E100234,No,,
E100235,No,,
E100236,No,,
E100237,No,,
E100238,No,,
E100239,No,,
E100240,No,,
E100241,No,,
E100242,No,,
E100243,No,,
E100244,No,,
E100245,No,,
E100246,No,,
E100247,Yes,2024-06-30,Career Stagnation
E100248,No,,
E100249,No,,
E100250,No,,
E100251,No,,
E100252,No,,
E100253,No,,
E100254,Yes,2025-02-09,Better Pay
E100255,No,,
E100256,No,,
E100257,No,,
E100258,No,,
E100259,No,,
E100260,No,,
E100261,No,,
E100262,Yes,2020-01-24,Better Pay
E100263,No,,
E100264,No,,
E100265,Yes,2025-01-22,Better Pay
E100266,Yes,2022-10-25,Work-Life Balance
E100267,Yes,2023-03-03,Better Pay
E100268,Yes,2023-11-22,Better Pay
E100269,No,,
E100270,No,,
E100271,Yes,2024-02-09,Better Pay
E100272,No,,
E100273,No,,
E100274,No,,
E100275,No,,
E100276,No,,
E100277,Yes,2023-04-27,Better Pay
E100278,Yes,2022-07-23,Better Pay
E100279,No,,
E100280,Yes,2021-02-18,Career Stagnation
E100281,No,,
E100282,No,,
E100283,No,,
E100284,Yes,2019-09-10,Work-Life Balance
E100285,No,,
E100286,Yes,2025-07-27,Career Stagnation
E100287,No,,
E100288,No,,
E100289,No,,
E100290,No,,
E100291,No,,
E100292,No,,
E100293,No,,
E100294,No,,
E100295,No,,
E100296,No,,
E100297,No,,
E100298,Yes,2020-12-13,Career Stagnation
E100299,No,,
E100300,No,,
E100301,No,,
E100302,No,,
E100303,No,,
E100304,No,,
E100305,No,,
E100306,No,,
E100307,No,,
E100308,No,,
E100309,No,,
E100310,No,,
E100311,No,,
E100312,No,,
E100313,No,,
E100314,No,,
E100315,Yes,2022-11-27,Better Pay
E100316,Yes,2021-02-24,Better Pay
E100317,No,,
E100318,No,,
E100319,No,,
E100320,Yes,2025-04-09,Better Pay
E100321,No,,
E100322,No,,
E100323,No,,
E100324,Yes,2025-02-26,Manager Issues
E100325,Yes,2023-12-05,Better Pay
E100326,Yes,2024-06-28,Career Stagnation
E100327,No,,
E100328,Yes,2025-01-13,Career Stagnation
E100329,No,,
E100330,Yes,2026-04-06,Manager Issues
E100331,No,,
E100332,No,,
E100333,No,,
E100334,No,,
E100335,No,,
E100336,No,,
E100337,No,,
E100338,No,,
E100339,Yes,2021-04-07,Work-Life Balance
E100340,Yes,2021-08-14,Career Stagnation
E100341,Yes,2021-11-09,Better Pay
E100342,No,,
E100343,No,,
E100344,No,,
E100345,No,,
E100346,No,,
E100347,No,,
E100348,No,,
E100349,Yes,2021-12-10,Better Pay
E100350,Yes,2022-01-27,Better Pay
E100351,Yes,2025-03-30,Better Pay
E100352,No,,
E100353,Yes,2024-12-12,Better Pay
E100354,No,,
E100355,No,,
E100356,No,,
E100357,No,,
E100358,No,,
E100359,No,,
E100360,No,,
E100361,No,,
E100362,Yes,2025-10-26,Work-Life Balance
E100363,No,,
E100364,No,,
E100365,No,,
E100366,No,,
E100367,No,,
E100368,No,,
E100369,Yes,2024-05-25,Manager Issues
E100370,Yes,2025-01-28,Better Pay
E100371,No,,
E100372,Yes,2027-06-13,Career Stagnation
E100373,No,,
E100374,Yes,2025-08-10,Manager Issues
E100375,No,,
E100376,No,,
E100377,Yes,2027-01-22,Work-Life Balance
E100378,Yes,2024-09-30,Career Stagnation
E100379,No,,
E100380,No,,
E100381,No,,
E100382,Yes,2021-09-05,Career Stagnation
E100383,Yes,2018-07-08,Manager Issues
E100384,No,,
E100385,No,,
E100386,No,,
E100387,No,,
E100388,Yes,2025-08-10,Career Stagnation
E100389,No,,
E100390,No,,
E100391,Yes,2019-08-09,Career Stagnation
E100392,Yes,2026-08-08,Career Stagnation
E100393,No,,
E100394,No,,
E100395,No,,
E100396,No,,
E100397,No,,
E100398,No,,
E100399,Yes,2019-05-14,Career Stagnation
E100400,No,,
E100401,No,,
E100402,No,,
E100403,Yes,2018-11-13,Manager Issues
E100404,No,,
E100405,No,,
E100406,No,,
E100407,No,,
E100408,No,,
E100409,Yes,2026-02-22,Work-Life Balance
E100410,No,,
E100411,No,,
E100412,Yes,2020-11-19,Manager Issues
E100413,No,,
E100414,Yes,2020-09-20,Better Pay
E100415,No,,
E100416,No,,
E100417,Yes,2021-09-23,Better Pay
E100418,No,,
E100419,Yes,2024-11-29,Manager Issues
E100420,Yes,2023-01-29,Manager Issues
E100421,No,,
E100422,No,,
E100423,No,,
E100424,No,,
E100425,No,,
E100426,No,,
E100427,Yes,2021-03-04,Better Pay
E100428,No,,
E100429,No,,
E100430,No,,
E100431,No,,
E100432,No,,
E100433,No,,
E100434,No,,
E100435,No,,
E100436,Yes,2021-03-14,Better Pay
E100437,No,,
E100438,No,,
E100439,No,,
E100440,No,,
E100441,No,,
E100442,No,,
E100443,No,,
E100444,No,,
E100445,Yes,2026-06-25,Better Pay
E100446,No,,
E100447,Yes,2023-06-12,Manager Issues
E100448,No,,
E100449,No,,
E100450,No,,
E100451,No,,
E100452,Yes,2023-11-26,Work-Life Balance
E100453,No,,
E100454,No,,
E100455,No,,
E100456,No,,
E100457,No,,
E100458,Yes,2022-07-18,Better Pay
E100459,No,,
E100460,No,,
E100461,Yes,2019-06-20,Manager Issues
E100462,No,,
E100463,No,,
E100464,No,,
E100465,Yes,2024-01-16,Manager Issues
E100466,No,,
E100467,No,,
E100468,Yes,2022-08-05,Better Pay
E100469,No,,
E100470,No,,
E100471,No,,
E100472,No,,
E100473,No,,
E100474,No,,
E100475,No,,
E100476,No,,
E100477,No,,
E100478,No,,
E100479,No,,
E100480,Yes,2023-07-22,Better Pay
E100481,No,,
E100482,No,,
E100483,No,,
E100484,Yes,2024-01-03,Better Pay
E100485,No,,
E100486,Yes,2026-08-25,Better Pay
E100487,No,,
E100488,No,,
E100489,Yes,2023-09-05,Work-Life Balance
E100490,No,,
E100491,No,,
E100492,No,,
E100493,Yes,2024-04-12,Better Pay
E100494,Yes,2027-09-28,Career Stagnation
E100495,Yes,2021-11-23,Better Pay
E100496,No,,
E100497,No,,
E100498,No,,
E100499,No,,
E100500,No,,
E100501,No,,
E100502,No,,
E100503,No,,
E100504,No,,
E100505,No,,
E100506,No,,
E100507,No,,
E100508,No,,
E100509,No,,
E100510,No,,
E100511,No,,
E100512,No,,
E100513,No,,
E100514,No,,
E100515,Yes,2020-08-25,Career Stagnation
E100516,No,,
E100517,Yes,2020-09-17,Manager Issues
E100518,No,,
E100519,No,,
E100520,No,,
E100521,No,,
E100522,No,,
E100523,Yes,2022-09-22,Work-Life Balance
E100524,Yes,2022-12-19,Manager Issues
E100525,Yes,2021-09-02,Work-Life Balance
E100526,No,,
E100527,No,,
E100528,No,,
E100529,No,,
E100530,No,,
E100531,Yes,2022-09-04,Manager Issues
E100532,Yes,2027-01-09,Manager Issues
E100533,No,,
E100534,No,,
E100535,No,,
E100536,No,,
E100537,No,,
E100538,Yes,2021-05-07,Career Stagnation
E100539,No,,
E100540,Yes,2025-09-08,Manager Issues
E100541,No,,
E100542,No,,
E100543,No,,
E100544,No,,
E100545,No,,
E100546,No,,
E100547,Yes,2024-04-10,Better Pay
E100548,No,,
E100549,No,,
E100550,No,,
E100551,No,,
E100552,No,,
E100553,No,,
E100554,No,,
E100555,No,,
E100556,No,,
E100557,No,,
E100558,No,,
E100559,No,,
E100560,No,,
E100561,No,,
E100562,No,,
E100563,No,,
E100564,No,,
E100565,Yes,2026-03-13,Work-Life Balance
E100566,No,,
E100567,Yes,2019-02-19,Better Pay
E100568,No,,
E100569,No,,
E100570,No,,
E100571,No,,
E100572,No,,
E100573,No,,
E100574,Yes,2018-11-12,Manager Issues
E100575,No,,
E100576,No,,
E100577,No,,
E100578,No,,
E100579,No,,
E100580,No,,
E100581,No,,
E100582,No,,
E100583,No,,
E100584,Yes,2025-09-10,Better Pay
E100585,No,,
E100586,No,,
E100587,No,,
E100588,No,,
E100589,No,,
E100590,Yes,2025-07-16,Career Stagnation
E100591,No,,
E100592,No,,
E100593,No,,
E100594,No,,
E100595,No,,
E100596,No,,
E100597,Yes,2024-09-13,Better Pay
E100598,Yes,2024-02-11,Better Pay
E100599,No,,
E100600,No,,
E100601,No,,
E100602,No,,
E100603,No,,
E100604,No,,
E100605,No,,
E100606,No,,
E100607,No,,
E100608,No,,
E100609,No,,
E100610,Yes,2019-04-17,Work-Life Balance
E100611,No,,
E100612,No,,
E100613,No,,
E100614,No,,
E100615,No,,
E100616,No,,
E100617,No,,
E100618,No,,
E100619,No,,
E100620,No,,
E100621,No,,
E100622,Yes,2023-12-15,Better Pay
E100623,Yes,2024-11-24,Work-Life Balance
E100624,No,,
E100625,Yes,2024-04-01,Better Pay
E100626,No,,
E100627,No,,
E100628,No,,
E100629,No,,
E100630,No,,
E100631,No,,
E100632,No,,
E100633,No,,
E100634,No,,
E100635,No,,
E100636,No,,
E100637,No,,
E100638,No,,
E100639,No,,
E100640,No,,
E100641,No,,
E100642,No,,
E100643,No,,
E100644,No,,
E100645,No,,
E100646,No,,
E100647,No,,
E100648,No,,
E100649,Yes,2024-05-21,Better Pay
E100650,Yes,2024-02-22,Manager Issues
E100651,No,,
E100652,Yes,2024-08-16,Career Stagnation
E100653,No,,
E100654,No,,
E100655,No,,
E100656,Yes,2022-06-28,Better Pay
E100657,No,,
E100658,No,,
E100659,No,,
E100660,No,,
E100661,Yes,2022-12-31,Manager Issues
E100662,Yes,2023-10-05,Better Pay
E100663,No,,
E100664,No,,
E100665,Yes,2024-02-29,Career Stagnation
E100666,No,,
E100667,No,,
E100668,No,,
E100669,No,,
E100670,No,,
E100671,Yes,2022-09-27,Manager Issues
E100672,No,,
E100673,No,,
E100674,No,,
E100675,No,,
E100676,No,,
E100677,Yes,2019-03-07,Career Stagnation
E100678,No,,
E100679,No,,
E100680,No,,
E100681,Yes,2023-06-04,Manager Issues
E100682,No,,
E100683,No,,
E100684,No,,
E100685,No,,
E100686,No,,
E100687,No,,
E100688,No,,
E100689,No,,
E100690,No,,
E100691,No,,
E100692,Yes,2018-05-29,Manager Issues
E100693,No,,
E100694,No,,
E100695,No,,
E100696,No,,
E100697,Yes,2022-10-09,Better Pay
E100698,No,,
E100699,Yes,2024-06-10,Better Pay
E100700,Yes,2024-04-19,Better Pay
E100701,No,,
E100702,No,,
E100703,No,,
E100704,No,,
E100705,Yes,2019-08-20,Manager Issues
E100706,Yes,2022-01-21,Manager Issues
E100707,No,,
E100708,No,,
E100709,No,,
E100710,No,,
E100711,No,,
E100712,No,,
E100713,No,,
E100714,No,,
E100715,No,,
E100716,No,,
E100717,Yes,2027-04-06,Career Stagnation
E100718,No,,
E100719,No,,
E100720,No,,
E100721,Yes,2023-08-31,Career Stagnation
E100722,Yes,2025-03-10,Work-Life Balance
E100723,No,,
E100724,No,,
E100725,No,,
E100726,No,,
E100727,No,,
E100728,No,,
E100729,No,,
E100730,Yes,2020-10-05,Better Pay
E100731,No,,
E100732,Yes,2021-04-29,Better Pay
E100733,No,,
E100734,No,,
E100735,No,,
E100736,No,,
E100737,Yes,2024-12-29,Better Pay
E100738,Yes,2018-10-28,Better Pay
E100739,No,,
E100740,Yes,2026-06-19,Work-Life Balance
E100741,No,,
E100742,No,,
E100743,No,,
E100744,Yes,2023-11-10,Better Pay
E100745,No,,
E100746,No,,
E100747,Yes,2025-02-01,Work-Life Balance
E100748,No,,
E100749,Yes,2024-02-27,Manager Issues
E100750,Yes,2022-09-12,Manager Issues
E100751,No,,
E100752,No,,
E100753,No,,
E100754,No,,
E100755,Yes,2022-07-13,Work-Life Balance
E100756,No,,
E100757,Yes,2019-07-15,Better Pay
E100758,No,,
E100759,No,,
E100760,No,,
E100761,No,,
E100762,Yes,2022-12-07,Manager Issues
E100763,No,,
E100764,No,,
E100765,No,,
E100766,Yes,2023-08-20,Career Stagnation
E100767,No,,
E100768,Yes,2026-02-14,Better Pay
E100769,No,,
E100770,No,,
E100771,No,,
E100772,No,,
E100773,No,,
E100774,No,,
E100775,No,,
E100776,No,,
E100777,No,,
E100778,No,,
E100779,No,,
E100780,No,,
E100781,No,,
E100782,No,,
E100783,No,,
E100784,No,,
E100785,Yes,2022-12-03,Manager Issues
E100786,No,,
E100787,No,,
E100788,No,,
E100789,No,,
E100790,No,,
E100791,No,,
E100792,No,,
E100793,No,,
E100794,No,,
E100795,No,,
E100796,No,,
E100797,No,,
E100798,No,,
E100799,No,,
E100800,No,,
E100801,Yes,2019-07-07,Manager Issues
E100802,Yes,2021-04-26,Career Stagnation
E100803,No,,
E100804,Yes,2020-05-05,Better Pay
E100805,No,,
E100806,No,,
E100807,No,,
E100808,No,,
E100809,Yes,2023-12-15,Work-Life Balance
E100810,No,,
E100811,Yes,2021-11-08,Better Pay
E100812,No,,
E100813,No,,
E100814,Yes,2024-03-22,Manager Issues
E100815,Yes,2027-07-04,Manager Issues
E100816,No,,
E100817,No,,
E100818,No,,
E100819,No,,
E100820,Yes,2027-06-27,Manager Issues
E100821,No,,
E100822,No,,
E100823,No,,
E100824,Yes,2023-02-08,Better Pay
E100825,Yes,2021-11-14,Better Pay
E100826,No,,
E100827,No,,
E100828,No,,
E100829,No,,
E100830,No,,
E100831,No,,
E100832,No,,
E100833,No,,
E100834,No,,
E100835,Yes,2020-12-01,Career Stagnation
E100836,No,,
E100837,No,,
E100838,No,,
E100839,No,,
E100840,Yes,2020-09-24,Better Pay
E100841,Yes,2027-02-19,Manager Issues
E100842,No,,
E100843,No,,
E100844,No,,
E100845,No,,
E100846,No,,
E100847,No,,
E100848,No,,
E100849,No,,
E100850,No,,
E100851,No,,
E100852,No,,
E100853,No,,
E100854,No,,
E100855,No,,
E100856,No,,
E100857,No,,
E100858,No,,
E100859,Yes,2018-12-30,Better Pay
E100860,Yes,2018-05-27,Better Pay
E100861,No,,
E100862,Yes,2025-12-31,Manager Issues
E100863,No,,
E100864,No,,
E100865,No,,
E100866,No,,
E100867,Yes,2025-01-01,Work-Life Balance
E100868,No,,
E100869,Yes,2024-06-20,Better Pay
E100870,No,,
E100871,Yes,2021-09-09,Work-Life Balance
E100872,Yes,2021-03-01,Manager Issues
E100873,No,,
E100874,No,,
E100875,No,,
E100876,No,,
E100877,Yes,2025-09-10,Manager Issues
E100878,No,,
E100879,No,,
E100880,No,,
E100881,No,,
E100882,No,,
E100883,No,,
E100884,No,,
E100885,No,,
E100886,No,,
E100887,No,,
E100888,Yes,2024-11-30,Better Pay
E100889,No,,
E100890,Yes,2023-05-09,Better Pay
E100891,No,,
E100892,No,,
E100893,No,,
E100894,No,,
E100895,No,,
E100896,Yes,2023-05-20,Better Pay
E100897,No,,
E100898,No,,
E100899,No,,
E100900,Yes,2021-11-09,Better Pay
E100901,Yes,2026-09-09,Career Stagnation
E100902,Yes,2028-07-02,Career Stagnation
E100903,No,,
E100904,No,,
E100905,No,,
E100906,No,,
E100907,Yes,2026-09-08,Better Pay
E100908,No,,
E100909,No,,
E100910,No,,
E100911,Yes,2021-09-25,Better Pay
E100912,No,,
E100913,No,,
E100914,No,,
E100915,No,,
E100916,No,,
E100917,Yes,2025-05-18,Manager Issues
E100918,No,,
E100919,Yes,2024-03-25,Career Stagnation
E100920,No,,
E100921,No,,
E100922,No,,
E100923,No,,
E100924,No,,
E100925,Yes,2026-07-24,Better Pay
E100926,No,,
E100927,No,,
E100928,No,,
E100929,No,,
E100930,No,,
E100931,No,,
E100932,No,,
E100933,No,,
E100934,No,,
E100935,No,,
E100936,Yes,2021-12-17,Work-Life Balance
E100937,Yes,2021-04-02,Better Pay
E100938,No,,
E100939,Yes,2023-04-24,Career Stagnation
E100940,No,,
E100941,No,,
E100942,No,,
E100943,No,,
E100944,Yes,2023-10-30,Better Pay
E100945,No,,
E100946,No,,
E100947,No,,
E100948,No,,
E100949,No,,
E100950,No,,
E100951,No,,
E100952,No,,
E100953,Yes,2022-08-21,Better Pay
E100954,No,,
E100955,No,,
E100956,No,,
E100957,No,,
E100958,No,,
E100959,No,,
E100960,No,,
E100961,No,,
E100962,No,,
E100963,Yes,2025-06-25,Career Stagnation
E100964,No,,
E100965,No,,
E100966,Yes,2023-02-07,Manager Issues
E100967,No,,
E100968,No,,
E100969,No,,
E100970,No,,
E100971,No,,
E100972,Yes,2020-09-01,Career Stagnation
E100973,No,,
E100974,No,,
E100975,No,,
E100976,Yes,2026-09-03,Manager Issues
E100977,No,,
E100978,Yes,2018-11-23,Better Pay
E100979,No,,
E100980,Yes,2020-09-30,Better Pay
E100981,Yes,2019-05-03,Better Pay
E100982,Yes,2019-06-29,Manager Issues
E100983,Yes,2023-01-27,Career Stagnation
E100984,Yes,2022-02-20,Work-Life Balance
E100985,No,,
E100986,No,,
E100987,No,,
E100988,No,,
E100989,No,,
E100990,No,,
E100991,Yes,2020-09-11,Better Pay
E100992,Yes,2025-02-14,Career Stagnation
E100993,No,,
E100994,No,,
E100995,No,,
E100996,No,,
E100997,No,,
E100998,Yes,2022-04-02,Manager Issues
E100999,No,,
E101000,Yes,2023-06-07,Manager Issues
E101001,No,,
E101002,No,,
E101003,No,,
E101004,No,,
E101005,No,,
E101006,Yes,2025-11-11,Better Pay
E101007,No,,
E101008,No,,
E101009,No,,
E101010,No,,
E101011,No,,
E101012,No,,
E101013,No,,
E101014,No,,
E101015,No,,
E101016,No,,
E101017,No,,
E101018,No,,
E101019,No,,
E101020,Yes,2023-12-30,Work-Life Balance
E101021,No,,
E101022,No,,
E101023,No,,
E101024,Yes,2020-04-13,Work-Life Balance
E101025,Yes,2026-07-30,Better Pay
E101026,No,,
E101027,Yes,2021-01-28,Work-Life Balance
E101028,No,,
E101029,No,,
E101030,Yes,2026-12-25,Manager Issues
E101031,No,,
E101032,No,,
E101033,No,,
E101034,No,,
E101035,No,,
E101036,No,,
E101037,No,,
E101038,No,,
E101039,No,,
E101040,Yes,2020-08-17,Better Pay
E101041,No,,
E101042,Yes,2019-01-30,Manager Issues
E101043,No,,
E101044,No,,
E101045,No,,
E101046,Yes,2021-06-23,Manager Issues
E101047,No,,
E101048,No,,
E101049,No,,
E101050,No,,
E101051,No,,
E101052,No,,
E101053,No,,
E101054,No,,
E101055,No,,
E101056,No,,
E101057,No,,
E101058,No,,
E101059,Yes,2025-04-11,Manager Issues
E101060,Yes,2024-07-31,Better Pay
E101061,No,,
E101062,No,,
E101063,No,,
E101064,No,,
E101065,Yes,2020-05-11,Manager Issues
E101066,No,,
E101067,No,,
E101068,Yes,2020-07-25,Manager Issues
E101069,No,,
E101070,No,,
E101071,Yes,2021-06-28,Manager Issues
E101072,No,,
E101073,Yes,2019-10-10,Better Pay
E101074,No,,
E101075,No,,
E101076,No,,
E101077,No,,
E101078,Yes,2021-08-10,Better Pay
E101079,No,,
E101080,No,,
E101081,No,,
E101082,No,,
E101083,No,,
E101084,No,,
E101085,Yes,2022-05-27,Better Pay
E101086,No,,
E101087,Yes,2027-02-21,Career Stagnation
E101088,No,,
E101089,Yes,2023-09-07,Career Stagnation
E101090,No,,
E101091,No,,
E101092,No,,
E101093,No,,
E101094,Yes,2025-07-28,Better Pay
E101095,Yes,2026-09-06,Manager Issues
E101096,No,,
E101097,No,,
E101098,No,,
E101099,No,,
E101100,No,,
E101101,No,,
E101102,No,,
E101103,Yes,2021-07-06,Career Stagnation
E101104,No,,
E101105,No,,
E101106,No,,
E101107,No,,
E101108,Yes,2022-06-28,Better Pay
E101109,No,,
E101110,No,,
E101111,No,,
E101112,No,,
E101113,No,,
E101114,No,,
E101115,No,,
E101116,Yes,2022-04-21,Career Stagnation
E101117,Yes,2023-08-15,Better Pay
E101118,No,,
E101119,No,,
E101120,No,,
E101121,No,,
E101122,No,,
E101123,No,,
E101124,No,,
E101125,No,,
E101126,No,,
E101127,No,,
E101128,No,,
E101129,No,,
E101130,No,,
E101131,No,,
E101132,No,,
E101133,No,,
E101134,No,,
E101135,Yes,2025-06-12,Career Stagnation
E101136,No,,
E101137,No,,
E101138,Yes,2023-10-27,Better Pay
E101139,No,,
E101140,No,,
E101141,No,,
E101142,No,,
E101143,No,,
E101144,No,,
E101145,No,,
E101146,No,,
E101147,Yes,2019-04-17,Manager Issues
E101148,No,,
E101149,No,,
E101150,No,,
E101151,No,,
E101152,Yes,2023-07-07,Better Pay
E101153,No,,
E101154,No,,
E101155,No,,
E101156,No,,
E101157,No,,
E101158,No,,
E101159,No,,
E101160,No,,
E101161,No,,
E101162,No,,
E101163,No,,
E101164,Yes,2025-10-06,Better Pay
E101165,No,,
E101166,Yes,2020-02-27,Better Pay
E101167,Yes,2018-04-05,Work-Life Balance
E101168,Yes,2026-01-18,Better Pay
E101169,No,,
E101170,No,,
E101171,Yes,2022-10-23,Manager Issues
E101172,No,,
E101173,No,,
E101174,Yes,2020-06-03,Better Pay
E101175,No,,
E101176,No,,
E101177,No,,
E101178,No,,
E101179,No,,
E101180,No,,
E101181,No,,
E101182,No,,
E101183,No,,
E101184,No,,
E101185,No,,
E101186,No,,
E101187,No,,
E101188,Yes,2028-05-16,Work-Life Balance
E101189,No,,
E101190,Yes,2021-01-31,Work-Life Balance
E101191,Yes,2024-08-12,Career Stagnation
E101192,No,,
E101193,No,,
E101194,No,,
E101195,Yes,2024-12-02,Work-Life Balance
E101196,No,,
E101197,No,,
E101198,No,,
E101199,No,,
E101200,No,,
E101201,No,,
E101202,No,,
E101203,No,,
E101204,No,,
E101205,No,,
E101206,No,,
E101207,No,,
E101208,No,,
E101209,No,,
E101210,No,,
E101211,Yes,2025-11-25,Work-Life Balance
E101212,No,,
E101213,No,,
E101214,Yes,2021-07-27,Manager Issues
E101215,No,,
E101216,No,,
E101217,No,,
E101218,No,,
E101219,Yes,2024-09-09,Better Pay
E101220,No,,
E101221,No,,
E101222,No,,
E101223,No,,
E101224,No,,
E101225,Yes,2021-07-03,Better Pay
E101226,No,,
E101227,No,,
E101228,No,,
E101229,No,,
E101230,No,,
E101231,No,,
E101232,No,,
E101233,No,,
E101234,No,,
E101235,No,,
E101236,No,,
E101237,No,,
E101238,No,,
E101239,Yes,2024-07-18,Career Stagnation
E101240,No,,
E101241,No,,
E101242,No,,
E101243,Yes,2023-12-24,Work-Life Balance
E101244,No,,
E101245,No,,
E101246,No,,
E101247,Yes,2027-02-11,Career Stagnation
E101248,No,,
E101249,Yes,2022-05-17,Better Pay
E101250,No,,
E101251,No,,
E101252,No,,
E101253,No,,
E101254,Yes,2026-03-16,Manager Issues
E101255,No,,
E101256,No,,
E101257,No,,
E101258,Yes,2022-05-18,Career Stagnation
E101259,No,,
E101260,Yes,2026-04-18,Manager Issues
E101261,No,,
E101262,No,,
E101263,No,,
E101264,No,,
E101265,Yes,2021-03-21,Better Pay
E101266,No,,
E101267,No,,
E101268,No,,
E101269,No,,
E101270,Yes,2019-10-07,Manager Issues
E101271,No,,
E101272,No,,
E101273,No,,
E101274,No,,
E101275,No,,
E101276,No,,
E101277,No,,
E101278,No,,
E101279,No,,
E101280,Yes,2022-12-24,Better Pay
E101281,No,,
E101282,No,,
E101283,Yes,2020-12-31,Better Pay
E101284,No,,
E101285,No,,
E101286,No,,
E101287,Yes,2021-07-25,Career Stagnation
E101288,Yes,2021-12-26,Career Stagnation
E101289,Yes,2022-10-09,Manager Issues
E101290,No,,
E101291,Yes,2023-07-26,Better Pay
E101292,No,,
E101293,Yes,2028-06-08,Manager Issues
E101294,No,,
E101295,No,,
E101296,Yes,2020-12-25,Better Pay
E101297,No,,
E101298,No,,
E101299,No,,
E101300,Yes,2022-03-02,Better Pay
E101301,No,,
E101302,Yes,2023-08-08,Better Pay
E101303,No,,
E101304,Yes,2022-02-01,Career Stagnation
E101305,Yes,2025-01-13,Better Pay
E101306,Yes,2025-07-06,Better Pay
E101307,No,,
E101308,Yes,2024-11-29,Work-Life Balance
E101309,No,,
E101310,No,,
E101311,No,,
E101312,No,,
E101313,No,,
E101314,No,,
E101315,No,,
E101316,No,,
E101317,No,,
E101318,No,,
E101319,Yes,2023-04-20,Career Stagnation
E101320,Yes,2022-05-10,Career Stagnation
E101321,No,,
E101322,Yes,2026-11-05,Career Stagnation
E101323,No,,
E101324,Yes,2023-03-10,Manager Issues
E101325,No,,
E101326,Yes,2025-05-31,Manager Issues
E101327,No,,
E101328,No,,
E101329,No,,
E101330,Yes,2021-05-03,Work-Life Balance
E101331,No,,
E101332,No,,
E101333,No,,
E101334,No,,
E101335,No,,
E101336,No,,
E101337,No,,
E101338,Yes,2020-10-10,Better Pay
E101339,No,,
E101340,No,,
E101341,No,,
E101342,No,,
E101343,Yes,2021-08-17,Better Pay
E101344,No,,
E101345,No,,
E101346,No,,
E101347,No,,
E101348,No,,
E101349,No,,
E101350,No,,
E101351,Yes,2027-10-03,Manager Issues
E101352,No,,
E101353,No,,
E101354,No,,
E101355,No,,
E101356,No,,
E101357,No,,
E101358,No,,
E101359,No,,
E101360,No,,
E101361,Yes,2025-10-07,Career Stagnation
E101362,No,,
E101363,No,,
E101364,No,,
E101365,Yes,2020-02-28,Career Stagnation
E101366,Yes,2022-02-12,Career Stagnation
E101367,No,,
E101368,No,,
E101369,Yes,2021-12-24,Better Pay
E101370,No,,
E101371,No,,
E101372,No,,
E101373,No,,
E101374,No,,
E101375,No,,
E101376,No,,
E101377,No,,
E101378,No,,
E101379,No,,
E101380,No,,
E101381,No,,
E101382,No,,
E101383,No,,
E101384,Yes,2025-06-20,Career Stagnation
E101385,No,,
E101386,No,,
E101387,No,,
E101388,No,,
E101389,No,,
E101390,Yes,2020-03-19,Better Pay
E101391,No,,
E101392,No,,
E101393,No,,
E101394,No,,
E101395,No,,
E101396,No,,
E101397,No,,
E101398,No,,
E101399,No,,
E101400,No,,
E101401,No,,
E101402,Yes,2019-03-09,Better Pay
E101403,No,,
E101404,No,,
E101405,Yes,2018-12-09,Work-Life Balance
E101406,No,,
E101407,No,,
E101408,No,,
E101409,No,,
E101410,Yes,2021-06-24,Better Pay
E101411,No,,
E101412,No,,
E101413,No,,
E101414,Yes,2023-09-03,Better Pay
E101415,Yes,2025-04-06,Manager Issues
E101416,No,,
E101417,Yes,2018-04-25,Manager Issues
E101418,No,,
E101419,Yes,2024-06-06,Better Pay
E101420,Yes,2023-04-09,Better Pay
E101421,No,,
E101422,No,,
E101423,No,,
E101424,No,,
E101425,No,,
E101426,No,,
E101427,Yes,2021-02-07,Manager Issues
E101428,Yes,2026-04-02,Manager Issues
E101429,No,,
E101430,No,,
E101431,No,,
E101432,No,,
E101433,No,,
E101434,No,,
E101435,No,,
E101436,No,,
E101437,No,,
E101438,No,,
E101439,Yes,2023-09-24,Career Stagnation
E101440,Yes,2022-05-31,Better Pay
E101441,No,,
E101442,No,,
E101443,Yes,2023-06-28,Work-Life Balance
E101444,No,,
E101445,No,,
E101446,No,,
E101447,No,,
E101448,No,,
E101449,No,,
E101450,Yes,2027-07-31,Work-Life Balance
E101451,Yes,2022-10-26,Better Pay
E101452,No,,
E101453,No,,
E101454,No,,
E101455,No,,
E101456,No,,
E101457,No,,
E101458,Yes,2021-08-15,Manager Issues
E101459,No,,
E101460,Yes,2025-09-02,Manager Issues
E101461,No,,
E101462,No,,
E101463,No,,
E101464,No,,
E101465,Yes,2019-06-30,Better Pay
E101466,No,,
E101467,No,,
E101468,No,,
E101469,No,,
E101470,Yes,2025-01-20,Better Pay
E101471,No,,
E101472,No,,
E101473,No,,
E101474,No,,
E101475,No,,
E101476,No,,
E101477,No,,
E101478,No,,
E101479,No,,
E101480,No,,
E101481,Yes,2027-07-23,Manager Issues
E101482,No,,
E101483,No,,
E101484,No,,
E101485,No,,
E101486,No,,
E101487,No,,
E101488,Yes,2022-07-11,Better Pay
E101489,No,,
E101490,No,,
E101491,No,,
E101492,No,,
E101493,No,,
E101494,No,,
E101495,No,,
E101496,No,,
E101497,No,,
E101498,No,,
E101499,Yes,2020-02-16,Better Pay
E101500,No,,
E101501,Yes,2025-11-08,Manager Issues
E101502,No,,
E101503,No,,
E101504,Yes,2019-04-29,Work-Life Balance
E101505,No,,
E101506,Yes,2025-03-07,Career Stagnation
E101507,Yes,2021-08-15,Better Pay
E101508,No,,
E101509,No,,
E101510,No,,
E101511,No,,
E101512,No,,
E101513,No,,
E101514,No,,
E101515,No,,
E101516,No,,
E101517,No,,
E101518,No,,
E101519,No,,
E101520,Yes,2024-05-08,Manager Issues
E101521,No,,
E101522,No,,
E101523,No,,
E101524,Yes,2021-09-24,Better Pay
E101525,Yes,2024-04-21,Better Pay
E101526,Yes,2026-07-23,Career Stagnation
E101527,No,,
E101528,No,,
E101529,No,,
E101530,Yes,2025-12-21,Manager Issues
E101531,No,,
E101532,No,,
E101533,No,,
E101534,No,,
E101535,No,,
E101536,Yes,2022-10-24,Better Pay
E101537,No,,
E101538,No,,
E101539,No,,
E101540,Yes,2023-06-18,Work-Life Balance
E101541,No,,
E101542,Yes,2017-09-07,Better Pay
E101543,No,,
E101544,No,,
E101545,No,,
E101546,No,,
E101547,No,,
E101548,No,,
E101549,No,,
E101550,Yes,2022-08-08,Better Pay
E101551,Yes,2026-06-15,Better Pay
E101552,No,,
E101553,No,,
E101554,No,,
E101555,No,,
E101556,No,,
E101557,No,,
E101558,No,,
E101559,No,,
E101560,No,,
E101561,No,,
E101562,No,,
E101563,No,,
E101564,Yes,2022-01-05,Career Stagnation
E101565,No,,
E101566,Yes,2024-12-26,Manager Issues
E101567,No,,
E101568,Yes,2023-01-19,Better Pay
E101569,No,,
E101570,No,,
E101571,No,,
E101572,No,,
E101573,No,,
E101574,Yes,2022-12-31,Work-Life Balance
E101575,No,,
E101576,No,,
E101577,No,,
E101578,No,,
E101579,Yes,2021-08-03,Work-Life Balance
E101580,No,,
E101581,No,,
E101582,Yes,2024-08-19,Better Pay
E101583,No,,
E101584,No,,
E101585,No,,
E101586,No,,
E101587,No,,
E101588,Yes,2024-01-01,Work-Life Balance
E101589,No,,
E101590,No,,
E101591,No,,
E101592,No,,
E101593,No,,
E101594,Yes,2025-07-20,Better Pay
E101595,No,,
E101596,No,,
E101597,No,,
E101598,Yes,2026-03-25,Better Pay
E101599,No,,
E101600,Yes,2022-01-08,Better Pay
E101601,No,,
E101602,Yes,2026-01-21,Better Pay
E101603,No,,
E101604,No,,
E101605,No,,
E101606,No,,
E101607,No,,
E101608,No,,
E101609,No,,
E101610,Yes,2022-08-13,Manager Issues
E101611,No,,
E101612,Yes,2022-03-19,Better Pay
E101613,No,,
E101614,No,,
E101615,Yes,2026-01-13,Better Pay
E101616,No,,
E101617,No,,
E101618,Yes,2023-05-05,Better Pay
E101619,No,,
E101620,No,,
E101621,No,,
E101622,No,,
E101623,No,,
E101624,No,,
E101625,No,,
E101626,No,,
E101627,No,,
E101628,No,,
E101629,No,,
E101630,No,,
E101631,Yes,2026-05-21,Better Pay
E101632,No,,
E101633,No,,
E101634,No,,
E101635,Yes,2023-06-10,Manager Issues
E101636,No,,
E101637,No,,
E101638,No,,
E101639,Yes,2021-06-09,Manager Issues
E101640,No,,
E101641,No,,
E101642,No,,
E101643,No,,
E101644,Yes,2024-08-13,Work-Life Balance
E101645,Yes,2025-10-06,Better Pay
E101646,No,,
E101647,No,,
E101648,Yes,2025-01-31,Work-Life Balance
E101649,No,,
E101650,No,,
E101651,No,,
E101652,No,,
E101653,No,,
E101654,No,,
E101655,No,,
E101656,No,,
E101657,No,,
E101658,No,,
E101659,No,,
E101660,No,,
E101661,Yes,2022-12-02,Career Stagnation
E101662,Yes,2021-03-24,Manager Issues
E101663,No,,
E101664,No,,
E101665,No,,
E101666,No,,
E101667,No,,
E101668,No,,
E101669,No,,
E101670,No,,
E101671,Yes,2020-11-12,Work-Life Balance
E101672,No,,
E101673,Yes,2028-02-11,Better Pay
E101674,No,,
E101675,No,,
E101676,No,,
E101677,No,,
E101678,No,,
E101679,No,,
E101680,Yes,2021-01-10,Career Stagnation
E101681,No,,
E101682,Yes,2026-03-26,Work-Life Balance
E101683,No,,
E101684,Yes,2023-11-11,Better Pay
E101685,No,,
E101686,No,,
E101687,No,,
E101688,Yes,2022-08-26,Work-Life Balance
E101689,No,,
E101690,No,,
E101691,No,,
E101692,No,,
E101693,Yes,2026-05-13,Manager Issues
E101694,No,,
E101695,No,,
E101696,No,,
E101697,No,,
E101698,No,,
E101699,No,,
E101700,No,,
E101701,No,,
E101702,No,,
E101703,Yes,2021-03-31,Better Pay
E101704,No,,
E101705,No,,
E101706,No,,
E101707,No,,
E101708,No,,
E101709,No,,
E101710,No,,
E101711,No,,
E101712,Yes,2023-10-12,Career Stagnation
E101713,No,,
E101714,Yes,2024-09-27,Career Stagnation
E101715,Yes,2022-03-19,Work-Life Balance
E101716,No,,
E101717,No,,
E101718,No,,
E101719,Yes,2022-12-23,Career Stagnation
E101720,No,,
E101721,No,,
E101722,Yes,2022-08-14,Better Pay
E101723,No,,
E101724,No,,
E101725,No,,
E101726,No,,
E101727,Yes,2026-05-20,Better Pay
E101728,No,,
E101729,Yes,2025-06-24,Work-Life Balance
E101730,No,,
E101731,No,,
E101732,No,,
E101733,No,,
E101734,Yes,2025-03-06,Better Pay
E101735,No,,
E101736,No,,
E101737,Yes,2024-11-07,Better Pay
E101738,Yes,2023-11-25,Work-Life Balance
E101739,Yes,2022-04-23,Manager Issues
E101740,No,,
E101741,No,,
E101742,No,,
E101743,No,,
E101744,No,,
E101745,Yes,2025-06-26,Career Stagnation
E101746,Yes,2022-12-28,Better Pay
E101747,No,,
E101748,Yes,2022-12-29,Better Pay
E101749,Yes,2023-09-08,Career Stagnation
E101750,No,,
E101751,No,,
E101752,No,,
E101753,No,,
E101754,Yes,2025-04-20,Work-Life Balance
E101755,No,,
E101756,No,,
E101757,No,,
E101758,No,,
E101759,Yes,2023-12-15,Work-Life Balance
E101760,Yes,2019-03-13,Manager Issues
E101761,No,,
E101762,No,,
E101763,No,,
E101764,No,,
E101765,No,,
E101766,No,,
E101767,No,,
E101768,No,,
E101769,No,,
E101770,Yes,2026-07-14,Work-Life Balance
E101771,No,,
E101772,No,,
E101773,Yes,2023-12-12,Manager Issues
E101774,No,,
E101775,Yes,2024-11-03,Work-Life Balance
E101776,No,,
E101777,No,,
E101778,No,,
E101779,Yes,2025-01-22,Career Stagnation
E101780,Yes,2023-08-01,Career Stagnation
E101781,No,,
E101782,No,,
E101783,No,,
E101784,Yes,2021-10-16,Career Stagnation
E101785,No,,
E101786,No,,
E101787,No,,
E101788,No,,
E101789,No,,
E101790,No,,
E101791,No,,
E101792,Yes,2020-02-05,Career Stagnation
E101793,Yes,2025-04-10,Manager Issues
E101794,No,,
E101795,No,,
E101796,No,,
E101797,No,,
E101798,No,,
E101799,No,,
E101800,Yes,2027-01-12,Better Pay
E101801,No,,
E101802,No,,
E101803,No,,
E101804,Yes,2025-01-10,Manager Issues
E101805,No,,
E101806,Yes,2021-04-19,Manager Issues
E101807,No,,
E101808,Yes,2020-09-16,Work-Life Balance
E101809,No,,
E101810,Yes,2017-09-23,Manager Issues
E101811,No,,
E101812,No,,
E101813,No,,
E101814,No,,
E101815,No,,
E101816,Yes,2020-01-11,Better Pay
E101817,No,,
E101818,No,,
E101819,No,,
E101820,No,,
E101821,Yes,2024-11-07,Career Stagnation
E101822,No,,
E101823,No,,
E101824,No,,
E101825,Yes,2022-07-20,Better Pay
E101826,No,,
E101827,No,,
E101828,No,,
E101829,No,,
E101830,No,,
E101831,No,,
E101832,No,,
E101833,No,,
E101834,Yes,2023-06-02,Better Pay
E101835,No,,
E101836,No,,
E101837,No,,
E101838,No,,
E101839,No,,
E101840,No,,
E101841,No,,
E101842,Yes,2022-05-03,Better Pay
E101843,No,,
E101844,Yes,2026-04-05,Career Stagnation
E101845,No,,
E101846,No,,
E101847,No,,
E101848,No,,
E101849,No,,
E101850,No,,
E101851,Yes,2025-11-04,Work-Life Balance
E101852,No,,
E101853,No,,
E101854,No,,
E101855,No,,
E101856,No,,
E101857,Yes,2025-08-09,Better Pay
E101858,No,,
E101859,No,,
E101860,Yes,2020-08-01,Work-Life Balance
E101861,No,,
E101862,Yes,2026-03-02,Better Pay
E101863,No,,
E101864,No,,
E101865,No,,
E101866,No,,
E101867,No,,
E101868,No,,
E101869,No,,
E101870,No,,
E101871,Yes,2025-05-24,Work-Life Balance
E101872,No,,
E101873,No,,
E101874,No,,
E101875,Yes,2021-04-17,Career Stagnation
E101876,No,,
E101877,Yes,2023-10-23,Career Stagnation
E101878,No,,
E101879,No,,
E101880,No,,
E101881,Yes,2023-02-17,Career Stagnation
E101882,No,,
E101883,Yes,2020-12-15,Better Pay
E101884,No,,
E101885,No,,
E101886,No,,
E101887,No,,
E101888,Yes,2025-01-18,Work-Life Balance
E101889,No,,
E101890,No,,
E101891,No,,
E101892,No,,
E101893,Yes,2022-04-02,Career Stagnation
E101894,Yes,2022-01-29,Better Pay
E101895,Yes,2027-07-11,Manager Issues
E101896,No,,
E101897,Yes,2024-01-27,Better Pay
E101898,No,,
E101899,No,,
E101900,No,,
E101901,Yes,2025-08-25,Better Pay
E101902,No,,
E101903,No,,
E101904,No,,
E101905,No,,
E101906,Yes,2023-10-08,Manager Issues
E101907,No,,
E101908,No,,
E101909,No,,
E101910,No,,
E101911,Yes,2020-12-11,Manager Issues
E101912,No,,
E101913,No,,
E101914,No,,
E101915,No,,
E101916,No,,
E101917,No,,
E101918,No,,
E101919,No,,
E101920,No,,
E101921,Yes,2026-01-03,Work-Life Balance
E101922,No,,
E101923,No,,
E101924,No,,
E101925,No,,
E101926,No,,
E101927,No,,
E101928,Yes,2019-03-12,Manager Issues
E101929,No,,
E101930,No,,
E101931,Yes,2026-12-22,Work-Life Balance
E101932,No,,
E101933,No,,
E101934,No,,
E101935,No,,
E101936,No,,
E101937,No,,
E101938,No,,
E101939,No,,
E101940,No,,
E101941,Yes,2022-02-14,Manager Issues
E101942,No,,
E101943,No,,
E101944,No,,
E101945,No,,
E101946,No,,
E101947,No,,
E101948,No,,
E101949,No,,
E101950,No,,
E101951,No,,
E101952,Yes,2023-03-30,Work-Life Balance
E101953,No,,
E101954,No,,
E101955,No,,
E101956,No,,
E101957,Yes,2026-03-04,Better Pay
E101958,No,,
E101959,No,,
E101960,No,,
E101961,No,,
E101962,No,,
E101963,No,,
E101964,No,,
E101965,No,,
E101966,Yes,2022-02-16,Better Pay
E101967,No,,
E101968,No,,
E101969,No,,
E101970,No,,
E101971,No,,
E101972,Yes,2021-08-14,Work-Life Balance
E101973,No,,
E101974,Yes,2024-04-13,Manager Issues
E101975,Yes,2024-02-18,Better Pay
E101976,No,,
E101977,Yes,2024-04-26,Better Pay
E101978,No,,
E101979,No,,
E101980,Yes,2024-10-01,Better Pay
E101981,No,,
E101982,Yes,2027-02-26,Better Pay
E101983,Yes,2025-04-12,Better Pay
E101984,No,,
E101985,No,,
E101986,Yes,2025-10-04,Manager Issues
E101987,No,,
E101988,No,,
E101989,No,,
E101990,No,,
E101991,No,,
E101992,No,,
E101993,No,,
E101994,No,,
E101995,Yes,2021-03-27,Better Pay
E101996,No,,
E101997,No,,
E101998,No,,
E101999,No,,
E102000,Yes,2018-09-19,Career Stagnation
E102001,No,,
E102002,No,,
E102003,Yes,2021-08-09,Manager Issues
E102004,No,,
E102005,No,,
E102006,No,,
E102007,Yes,2020-06-13,Better Pay
E102008,No,,
E102009,No,,
E102010,No,,
E102011,No,,
E102012,No,,
E102013,No,,
E102014,No,,
E102015,No,,
E102016,No,,
E102017,No,,
E102018,Yes,2022-06-03,Career Stagnation
E102019,No,,
E102020,Yes,2023-02-04,Better Pay
E102021,No,,
E102022,Yes,2021-07-29,Career Stagnation
E102023,No,,
E102024,No,,
E102025,No,,
E102026,Yes,2026-07-08,Manager Issues
E102027,No,,
E102028,No,,
E102029,No,,
E102030,No,,
E102031,No,,
E102032,No,,
E102033,No,,
E102034,No,,
E102035,Yes,2023-11-24,Career Stagnation
E102036,No,,
E102037,No,,
E102038,No,,
E102039,No,,
E102040,Yes,2022-02-16,Better Pay
E102041,Yes,2023-09-06,Better Pay
E102042,No,,
E102043,No,,
E102044,No,,
E102045,Yes,2026-08-31,Better Pay
E102046,Yes,2020-01-20,Work-Life Balance
E102047,No,,
E102048,No,,
E102049,No,,
E102050,Yes,2027-03-24,Manager Issues
E102051,Yes,2022-05-19,Work-Life Balance
E102052,No,,
E102053,Yes,2020-02-23,Career Stagnation
E102054,No,,
E102055,No,,
E102056,No,,
E102057,Yes,2024-06-30,Better Pay
E102058,Yes,2024-10-07,Work-Life Balance
E102059,Yes,2022-04-28,Manager Issues
E102060,No,,
E102061,No,,
E102062,No,,
E102063,No,,
E102064,No,,
E102065,No,,
E102066,No,,
E102067,No,,
E102068,Yes,2019-12-20,Manager Issues
E102069,No,,
E102070,Yes,2022-05-16,Manager Issues
E102071,No,,
E102072,No,,
E102073,No,,
E102074,Yes,2023-07-04,Career Stagnation
E102075,No,,
E102076,Yes,2027-09-30,Better Pay
E102077,No,,
E102078,No,,
E102079,Yes,2025-07-22,Better Pay
E102080,No,,
E102081,Yes,2023-01-01,Career Stagnation
E102082,No,,
E102083,No,,
E102084,No,,
E102085,No,,
E102086,No,,
E102087,No,,
E102088,No,,
E102089,No,,
E102090,No,,
E102091,Yes,2027-01-05,Manager Issues
E102092,No,,
E102093,No,,
E102094,No,,
E102095,No,,
E102096,No,,
E102097,No,,
E102098,Yes,2025-03-22,Career Stagnation
E102099,No,,
E102100,No,,
E102101,No,,
E102102,No,,
E102103,No,,
E102104,No,,
E102105,No,,
E102106,No,,
E102107,No,,
E102108,No,,
E102109,Yes,2019-03-29,Manager Issues
E102110,No,,
E102111,No,,
E102112,Yes,2022-11-20,Work-Life Balance
E102113,Yes,2021-02-08,Better Pay
E102114,No,,
E102115,No,,
E102116,No,,
E102117,No,,
E102118,No,,
E102119,No,,
E102120,No,,
E102121,Yes,2020-01-23,Manager Issues
E102122,No,,
E102123,Yes,2025-04-03,Manager Issues
E102124,Yes,2022-07-07,Better Pay
E102125,No,,
E102126,No,,
E102127,No,,
E102128,No,,
E102129,No,,
E102130,Yes,2024-02-11,Better Pay
E102131,No,,
E102132,Yes,2024-11-24,Career Stagnation
E102133,Yes,2024-01-22,Better Pay
E102134,No,,
E102135,No,,
E102136,Yes,2021-07-08,Better Pay
E102137,No,,
E102138,No,,
E102139,No,,
E102140,No,,
E102141,No,,
E102142,No,,
E102143,Yes,2023-04-17,Manager Issues
E102144,No,,
E102145,No,,
E102146,No,,
E102147,No,,
E102148,No,,
E102149,Yes,2020-09-08,Better Pay
E102150,No,,
E102151,No,,
E102152,Yes,2022-04-06,Manager Issues
E102153,No,,
E102154,No,,
E102155,No,,
E102156,Yes,2020-09-24,Work-Life Balance
E102157,No,,
E102158,No,,
E102159,No,,
E102160,Yes,2021-05-15,Work-Life Balance
E102161,No,,
E102162,No,,
E102163,No,,
E102164,No,,
E102165,No,,
E102166,Yes,2025-04-17,Better Pay
E102167,No,,
E102168,No,,
E102169,Yes,2021-10-08,Manager Issues
E102170,No,,
E102171,No,,
E102172,No,,
E102173,No,,
E102174,No,,
E102175,Yes,2022-10-21,Better Pay
E102176,Yes,2025-05-27,Better Pay
E102177,No,,
E102178,Yes,2024-02-19,Manager Issues
E102179,No,,
E102180,No,,
E102181,Yes,2021-03-03,Better Pay
E102182,No,,
E102183,Yes,2021-08-12,Manager Issues
E102184,Yes,2019-11-30,Better Pay
E102185,No,,
E102186,No,,
E102187,No,,
E102188,No,,
E102189,No,,
E102190,No,,
E102191,No,,
E102192,No,,
E102193,Yes,2024-10-27,Career Stagnation
E102194,No,,
E102195,Yes,2022-08-31,Manager Issues
E102196,Yes,2021-10-31,Better Pay
E102197,No,,
E102198,No,,
E102199,No,,
E102200,No,,
E102201,No,,
E102202,No,,
E102203,No,,
E102204,No,,
E102205,No,,
E102206,No,,
E102207,No,,
E102208,No,,
E102209,No,,
E102210,No,,
E102211,No,,
E102212,No,,
E102213,Yes,2023-04-21,Career Stagnation
E102214,No,,
E102215,No,,
E102216,Yes,2025-08-07,Manager Issues
E102217,No,,
E102218,No,,
E102219,No,,
E102220,No,,
E102221,No,,
E102222,No,,
E102223,No,,
E102224,No,,
E102225,No,,
E102226,No,,
E102227,No,,
E102228,No,,
E102229,No,,
E102230,No,,
E102231,No,,
E102232,No,,
E102233,No,,
E102234,No,,
E102235,No,,
E102236,Yes,2025-07-19,Work-Life Balance
E102237,No,,
E102238,No,,
E102239,No,,
E102240,No,,
E102241,No,,
E102242,No,,
E102243,Yes,2026-08-04,Manager Issues
E102244,Yes,2023-04-08,Manager Issues
E102245,No,,
E102246,Yes,2023-08-30,Better Pay
E102247,No,,
E102248,No,,
E102249,No,,
E102250,No,,
E102251,No,,
E102252,No,,
E102253,No,,
E102254,No,,
E102255,Yes,2022-03-11,Better Pay
E102256,No,,
E102257,Yes,2024-09-23,Career Stagnation
E102258,Yes,2022-05-03,Better Pay
E102259,Yes,2022-08-31,Work-Life Balance
E102260,No,,
E102261,Yes,2024-10-02,Career Stagnation
E102262,Yes,2020-03-19,Career Stagnation
E102263,Yes,2023-08-05,Manager Issues
E102264,No,,
E102265,No,,
E102266,Yes,2019-12-06,Career Stagnation
E102267,Yes,2025-02-07,Better Pay
E102268,No,,
E102269,No,,
E102270,No,,
E102271,Yes,2022-12-21,Career Stagnation
E102272,Yes,2021-10-05,Manager Issues
E102273,No,,
E102274,No,,
E102275,No,,
E102276,No,,
E102277,No,,
E102278,No,,
E102279,No,,
E102280,No,,
E102281,No,,
E102282,Yes,2020-10-22,Manager Issues
E102283,Yes,2023-09-03,Better Pay
E102284,No,,
E102285,Yes,2018-11-09,Better Pay
E102286,No,,
E102287,Yes,2022-11-27,Manager Issues
E102288,No,,
E102289,Yes,2020-03-01,Better Pay
E102290,No,,
E102291,No,,
E102292,No,,
E102293,No,,
E102294,No,,
E102295,No,,
E102296,No,,
E102297,No,,
E102298,Yes,2024-02-15,Better Pay
E102299,Yes,2021-05-29,Better Pay
E102300,No,,
E102301,No,,
E102302,No,,
E102303,No,,
E102304,Yes,2021-04-02,Career Stagnation
E102305,Yes,2021-08-27,Manager Issues
E102306,No,,
E102307,No,,
E102308,No,,
E102309,No,,
E102310,No,,
E102311,No,,
E102312,No,,
E102313,No,,
E102314,No,,
E102315,No,,
E102316,No,,
E102317,No,,
E102318,No,,
E102319,Yes,2021-08-10,Work-Life Balance
E102320,No,,
E102321,No,,
E102322,Yes,2025-08-06,Manager Issues
E102323,No,,
E102324,No,,
E102325,No,,
E102326,No,,
E102327,No,,
E102328,No,,
E102329,No,,
E102330,No,,
E102331,No,,
E102332,No,,
E102333,No,,
E102334,No,,
E102335,No,,
E102336,No,,
E102337,No,,
E102338,Yes,2023-08-26,Manager Issues
E102339,No,,
E102340,No,,
E102341,No,,
E102342,No,,
E102343,No,,
E102344,No,,
E102345,Yes,2025-04-06,Manager Issues
E102346,No,,
E102347,No,,
E102348,No,,
E102349,Yes,2023-08-02,Career Stagnation
E102350,No,,
E102351,No,,
E102352,Yes,2024-12-26,Work-Life Balance
E102353,No,,
E102354,Yes,2022-01-12,Better Pay
E102355,No,,
E102356,No,,
E102357,No,,
E102358,No,,
E102359,No,,
E102360,No,,
E102361,Yes,2018-02-28,Manager Issues
E102362,No,,
E102363,No,,
E102364,No,,
E102365,No,,
E102366,No,,
E102367,No,,
E102368,Yes,2022-11-16,Career Stagnation
E102369,Yes,2018-02-03,Better Pay
E102370,No,,
E102371,No,,
E102372,No,,
E102373,Yes,2022-12-09,Manager Issues
E102374,No,,
E102375,No,,
E102376,No,,
E102377,Yes,2025-04-06,Better Pay
E102378,No,,
E102379,No,,
E102380,No,,
E102381,No,,
E102382,No,,
E102383,No,,
E102384,Yes,2021-01-27,Manager Issues
E102385,No,,
E102386,No,,
E102387,No,,
E102388,Yes,2019-09-02,Better Pay
E102389,No,,
E102390,Yes,2023-04-14,Better Pay
E102391,No,,
E102392,No,,
E102393,No,,
E102394,No,,
E102395,No,,
E102396,Yes,2024-02-24,Better Pay
E102397,No,,
E102398,No,,
E102399,Yes,2020-06-01,Better Pay
E102400,No,,
E102401,No,,
E102402,No,,
E102403,No,,
E102404,No,,
E102405,No,,
E102406,Yes,2022-07-16,Work-Life Balance
E102407,No,,
E102408,Yes,2025-07-27,Better Pay
E102409,No,,
E102410,Yes,2025-10-08,Work-Life Balance
E102411,No,,
E102412,Yes,2022-10-24,Better Pay
E102413,Yes,2025-05-30,Better Pay
E102414,No,,
E102415,No,,
E102416,No,,
E102417,No,,
E102418,No,,
E102419,No,,
E102420,No,,
E102421,Yes,2021-11-25,Career Stagnation
E102422,No,,
E102423,No,,
E102424,No,,
E102425,Yes,2023-08-10,Career Stagnation
E102426,Yes,2020-04-09,Career Stagnation
E102427,Yes,2025-12-12,Better Pay
E102428,No,,
E102429,No,,
E102430,Yes,2022-02-24,Better Pay
E102431,No,,
E102432,No,,
E102433,Yes,2022-12-17,Better Pay
E102434,No,,
E102435,No,,
E102436,Yes,2021-10-24,Better Pay
E102437,No,,
E102438,No,,
E102439,No,,
E102440,No,,
E102441,No,,
E102442,No,,
E102443,No,,
E102444,No,,
E102445,No,,
E102446,No,,
E102447,No,,
E102448,No,,
E102449,Yes,2020-07-02,Better Pay
E102450,No,,
E102451,Yes,2023-11-11,Career Stagnation
E102452,No,,
E102453,No,,
E102454,No,,
E102455,No,,
E102456,No,,
E102457,Yes,2019-07-26,Career Stagnation
E102458,No,,
E102459,No,,
E102460,No,,
E102461,No,,
E102462,No,,
E102463,No,,
E102464,Yes,2023-12-18,Manager Issues
E102465,No,,
E102466,Yes,2020-11-06,Career Stagnation
E102467,No,,
E102468,Yes,2020-06-17,Better Pay
E102469,Yes,2025-06-07,Career Stagnation
E102470,No,,
E102471,No,,
E102472,No,,
E102473,No,,
E102474,No,,
E102475,No,,
E102476,Yes,2023-06-12,Career Stagnation
E102477,No,,
E102478,No,,
E102479,Yes,2020-08-17,Career Stagnation
E102480,No,,
E102481,Yes,2022-03-03,Better Pay
E102482,No,,
E102483,Yes,2024-10-27,Better Pay
E102484,No,,
E102485,No,,
E102486,No,,
E102487,No,,
E102488,No,,
E102489,No,,
E102490,No,,
E102491,No,,
E102492,Yes,2022-03-14,Better Pay
E102493,No,,
E102494,No,,
E102495,Yes,2026-08-21,Career Stagnation
E102496,Yes,2023-07-22,Work-Life Balance
E102497,No,,
E102498,Yes,2021-08-10,Manager Issues
E102499,No,,
E102500,Yes,2021-07-04,Career Stagnation
E102501,No,,
E102502,No,,
E102503,No,,
E102504,No,,
E102505,No,,
E102506,No,,
E102507,Yes,2020-07-12,Work-Life Balance
E102508,No,,
E102509,No,,
E102510,No,,
E102511,No,,
E102512,No,,
E102513,No,,
E102514,Yes,2022-10-03,Career Stagnation
E102515,Yes,2023-05-10,Manager Issues
E102516,No,,
E102517,No,,
E102518,No,,
E102519,No,,
E102520,No,,
E102521,No,,
E102522,No,,
E102523,No,,
E102524,No,,
E102525,No,,
E102526,No,,
E102527,No,,
E102528,No,,
E102529,Yes,2027-09-02,Work-Life Balance
E102530,No,,
E102531,Yes,2027-12-18,Career Stagnation
E102532,No,,
E102533,No,,
E102534,No,,
E102535,No,,
E102536,No,,
E102537,No,,
E102538,No,,
E102539,No,,
E102540,No,,
E102541,No,,
E102542,No,,
E102543,No,,
E102544,No,,
E102545,No,,
E102546,No,,
E102547,No,,
E102548,No,,
E102549,No,,
E102550,Yes,2023-05-29,Better Pay
E102551,No,,
E102552,Yes,2024-07-11,Better Pay
E102553,No,,
E102554,Yes,2022-05-02,Work-Life Balance
E102555,No,,
E102556,Yes,2023-08-03,Career Stagnation
E102557,No,,
E102558,No,,
E102559,No,,
E102560,No,,
E102561,No,,
E102562,Yes,2023-08-17,Manager Issues
E102563,Yes,2026-01-17,Work-Life Balance
E102564,No,,
E102565,No,,
E102566,No,,
E102567,No,,
E102568,No,,
E102569,No,,
E102570,No,,
E102571,Yes,2025-04-10,Better Pay
E102572,No,,
E102573,No,,
E102574,No,,
E102575,No,,
E102576,No,,
E102577,No,,
E102578,No,,
E102579,No,,
E102580,No,,
E102581,No,,
E102582,No,,
E102583,Yes,2017-12-21,Better Pay
E102584,No,,
E102585,Yes,2018-09-02,Work-Life Balance
E102586,No,,
E102587,No,,
E102588,No,,
E102589,Yes,2026-04-19,Manager Issues
E102590,Yes,2020-07-24,Better Pay
E102591,No,,
E102592,No,,
E102593,No,,
E102594,No,,
E102595,No,,
E102596,Yes,2021-06-17,Manager Issues
E102597,No,,
E102598,No,,
E102599,No,,
E102600,Yes,2027-11-30,Better Pay
E102601,Yes,2023-12-05,Manager Issues
E102602,No,,
E102603,No,,
E102604,Yes,2018-04-13,Career Stagnation
E102605,No,,
E102606,No,,
E102607,No,,
E102608,No,,
E102609,No,,
E102610,No,,
E102611,No,,
E102612,No,,
E102613,No,,
E102614,No,,
E102615,No,,
E102616,No,,
E102617,Yes,2021-10-25,Better Pay
E102618,No,,
E102619,Yes,2027-01-31,Career Stagnation
E102620,No,,
E102621,Yes,2024-07-28,Career Stagnation
E102622,No,,
E102623,No,,
E102624,No,,
E102625,Yes,2019-11-04,Career Stagnation
E102626,No,,
E102627,No,,
E102628,No,,
E102629,No,,
E102630,Yes,2020-06-15,Career Stagnation
E102631,No,,
E102632,No,,
E102633,Yes,2018-06-30,Career Stagnation
E102634,No,,
E102635,No,,
E102636,No,,
E102637,Yes,2022-05-25,Better Pay
E102638,No,,
E102639,No,,
E102640,Yes,2021-01-01,Work-Life Balance
E102641,No,,
E102642,Yes,2025-04-15,Career Stagnation
E102643,No,,
E102644,No,,
E102645,No,,
E102646,No,,
E102647,No,,
E102648,No,,
E102649,No,,
E102650,No,,
E102651,No,,
E102652,No,,
E102653,Yes,2023-02-20,Better Pay
E102654,No,,
E102655,No,,
E102656,No,,
E102657,Yes,2022-04-21,Career Stagnation
E102658,No,,
E102659,No,,
E102660,Yes,2021-10-18,Better Pay
E102661,No,,
E102662,No,,
E102663,Yes,2023-06-11,Manager Issues
E102664,No,,
E102665,No,,
E102666,No,,
E102667,No,,
E102668,Yes,2022-01-22,Better Pay
E102669,No,,
E102670,Yes,2024-04-24,Career Stagnation
E102671,Yes,2024-03-23,Better Pay
E102672,No,,
E102673,No,,
E102674,Yes,2020-11-13,Better Pay
E102675,No,,
E102676,No,,
E102677,Yes,2022-09-21,Better Pay
E102678,Yes,2024-12-23,Manager Issues
E102679,No,,
E102680,Yes,2021-06-12,Career Stagnation
E102681,No,,
E102682,No,,
E102683,No,,
E102684,Yes,2028-01-02,Better Pay
E102685,No,,
E102686,No,,
E102687,No,,
E102688,No,,
E102689,No,,
E102690,No,,
E102691,No,,
E102692,Yes,2022-04-17,Manager Issues
E102693,Yes,2021-01-12,Work-Life Balance
E102694,No,,
E102695,No,,
E102696,No,,
E102697,Yes,2019-05-28,Better Pay
E102698,Yes,2020-09-12,Manager Issues
E102699,Yes,2021-12-23,Better Pay
E102700,No,,
E102701,No,,
E102702,Yes,2023-02-15,Career Stagnation
E102703,No,,
E102704,No,,
E102705,No,,
E102706,No,,
E102707,Yes,2021-03-25,Better Pay
E102708,No,,
E102709,No,,
E102710,No,,
E102711,No,,
E102712,Yes,2018-12-31,Career Stagnation
E102713,No,,
E102714,No,,
E102715,Yes,2021-07-26,Better Pay
E102716,No,,
E102717,No,,
E102718,No,,
E102719,No,,
E102720,No,,
E102721,No,,
E102722,No,,
E102723,No,,
E102724,No,,
E102725,No,,
E102726,No,,
E102727,No,,
E102728,No,,
E102729,No,,
E102730,No,,
E102731,No,,
E102732,No,,
E102733,Yes,2019-08-01,Career Stagnation
E102734,Yes,2025-07-26,Manager Issues
E102735,No,,
E102736,No,,
E102737,No,,
E102738,No,,
E102739,No,,
E102740,No,,
E102741,No,,
E102742,No,,
E102743,Yes,2022-04-24,Manager Issues
E102744,No,,
E102745,No,,
E102746,No,,
E102747,No,,
E102748,No,,
E102749,No,,
E102750,No,,
E102751,No,,
E102752,No,,
E102753,Yes,2022-08-12,Better Pay
E102754,Yes,2022-12-19,Better Pay
E102755,No,,
E102756,Yes,2023-07-20,Career Stagnation
E102757,No,,
E102758,Yes,2021-05-18,Career Stagnation
E102759,No,,
E102760,Yes,2026-07-17,Manager Issues
E102761,No,,
E102762,Yes,2025-04-15,Work-Life Balance
E102763,No,,
E102764,No,,
E102765,No,,
E102766,No,,
E102767,No,,
E102768,Yes,2024-04-15,Better Pay
E102769,No,,
E102770,No,,
E102771,No,,
E102772,Yes,2027-11-10,Work-Life Balance
E102773,No,,
E102774,No,,
E102775,No,,
E102776,Yes,2021-06-09,Better Pay
E102777,No,,
E102778,No,,
E102779,No,,
E102780,No,,
E102781,No,,
E102782,No,,
E102783,No,,
E102784,No,,
E102785,No,,
E102786,No,,
E102787,No,,
E102788,No,,
E102789,No,,
E102790,No,,
E102791,Yes,2025-03-02,Better Pay
E102792,No,,
E102793,No,,
E102794,No,,
E102795,No,,
E102796,No,,
E102797,No,,
E102798,No,,
E102799,No,,
E102800,No,,
E102801,No,,
E102802,No,,
E102803,Yes,2023-06-21,Better Pay
E102804,No,,
E102805,No,,
E102806,No,,
E102807,No,,
E102808,No,,
E102809,Yes,2025-11-11,Better Pay
E102810,No,,
E102811,Yes,2023-02-09,Manager Issues
E102812,No,,
E102813,No,,
E102814,No,,
E102815,No,,
E102816,No,,
E102817,Yes,2025-07-02,Work-Life Balance
E102818,No,,
E102819,No,,
E102820,No,,
E102821,No,,
E102822,No,,
E102823,Yes,2022-11-22,Work-Life Balance
E102824,No,,
E102825,No,,
E102826,Yes,2021-08-14,Manager Issues
E102827,Yes,2027-03-18,Better Pay
E102828,No,,
E102829,No,,
E102830,No,,
E102831,No,,
E102832,No,,
E102833,Yes,2022-06-30,Career Stagnation
E102834,No,,
E102835,Yes,2021-06-04,Manager Issues
E102836,Yes,2025-05-09,Manager Issues
E102837,No,,
E102838,Yes,2021-08-19,Career Stagnation
E102839,No,,
E102840,No,,
E102841,No,,
E102842,Yes,2020-07-30,Career Stagnation
E102843,No,,
E102844,No,,
E102845,No,,
E102846,No,,
E102847,No,,
E102848,No,,
E102849,No,,
E102850,No,,
E102851,No,,
E102852,No,,
E102853,No,,
E102854,Yes,2025-01-14,Work-Life Balance
E102855,No,,
E102856,No,,
E102857,No,,
E102858,Yes,2022-04-08,Career Stagnation
E102859,No,,
E102860,No,,
E102861,No,,
E102862,No,,
E102863,No,,
E102864,Yes,2023-02-03,Career Stagnation
E102865,No,,
E102866,No,,
E102867,Yes,2022-01-26,Career Stagnation
E102868,No,,
E102869,No,,
E102870,No,,
E102871,No,,
E102872,Yes,2020-08-24,Better Pay
E102873,No,,
E102874,No,,
E102875,Yes,2026-03-07,Better Pay
E102876,No,,
E102877,Yes,2023-02-13,Better Pay
E102878,No,,
E102879,No,,
E102880,No,,
E102881,No,,
E102882,No,,
E102883,No,,
E102884,No,,
E102885,No,,
E102886,No,,
E102887,No,,
E102888,No,,
E102889,Yes,2021-07-06,Manager Issues
E102890,No,,
E102891,No,,
E102892,Yes,2025-06-10,Work-Life Balance
E102893,Yes,2023-07-13,Manager Issues
E102894,No,,
E102895,No,,
E102896,No,,
E102897,No,,
E102898,No,,
E102899,Yes,2022-05-14,Better Pay
E102900,No,,
E102901,No,,
E102902,No,,
E102903,Yes,2020-11-30,Manager Issues
E102904,No,,
E102905,Yes,2024-08-14,Manager Issues
E102906,No,,
E102907,No,,
E102908,Yes,2021-07-19,Career Stagnation
E102909,No,,
E102910,No,,
E102911,No,,
E102912,No,,
E102913,No,,
E102914,Yes,2022-05-17,Better Pay
E102915,No,,
E102916,No,,
E102917,Yes,2025-01-20,Manager Issues
E102918,No,,
E102919,No,,
E102920,Yes,2024-08-08,Career Stagnation
E102921,Yes,2019-05-15,Better Pay
E102922,No,,
E102923,No,,
E102924,No,,
E102925,No,,
E102926,No,,
E102927,No,,
E102928,No,,
E102929,No,,
E102930,Yes,2019-11-04,Better Pay
E102931,No,,
E102932,No,,
E102933,No,,
E102934,No,,
E102935,No,,
E102936,No,,
E102937,No,,
E102938,No,,
E102939,Yes,2019-01-13,Work-Life Balance
E102940,No,,
E102941,No,,
E102942,No,,
E102943,No,,
E102944,No,,
E102945,No,,
E102946,Yes,2025-01-29,Career Stagnation
E102947,Yes,2020-09-01,Manager Issues
E102948,No,,
E102949,No,,
E102950,Yes,2024-02-28,Career Stagnation
E102951,Yes,2023-07-05,Better Pay
E102952,No,,
E102953,No,,
E102954,No,,
E102955,No,,
E102956,No,,
E102957,No,,
E102958,No,,
E102959,No,,
E102960,No,,
E102961,No,,
E102962,No,,
E102963,No,,
E102964,Yes,2021-11-18,Work-Life Balance
E102965,No,,
E102966,No,,
E102967,No,,
E102968,No,,
E102969,No,,
E102970,No,,
E102971,No,,
E102972,Yes,2022-08-07,Better Pay
E102973,No,,
E102974,No,,
E102975,No,,
E102976,No,,
E102977,No,,
E102978,No,,
E102979,Yes,2022-12-25,Manager Issues
E102980,No,,
E102981,No,,
E102982,No,,
E102983,No,,
E102984,No,,
E102985,No,,
E102986,Yes,2024-01-19,Better Pay
E102987,No,,
E102988,No,,
E102989,Yes,2023-02-13,Manager Issues
E102990,Yes,2018-11-03,Work-Life Balance
E102991,No,,
E102992,No,,
E102993,No,,
E102994,Yes,2018-03-29,Work-Life Balance
E102995,No,,
E102996,No,,
E102997,Yes,2022-11-29,Career Stagnation
E102998,No,,
E102999,Yes,2023-08-23,Better Pay
E103000,Yes,2024-02-22,Better Pay
E103001,Yes,2025-04-01,Better Pay
E103002,No,,
E103003,No,,
E103004,Yes,2025-03-25,Career Stagnation
E103005,No,,
E103006,No,,
E103007,No,,
E103008,No,,
E103009,No,,
E103010,No,,
E103011,No,,
E103012,No,,
E103013,No,,
E103014,Yes,2022-12-22,Better Pay
E103015,Yes,2019-05-22,Career Stagnation
E103016,No,,
E103017,No,,
E103018,No,,
E103019,No,,
E103020,Yes,2023-03-14,Better Pay
E103021,No,,
E103022,No,,
E103023,No,,
E103024,No,,
E103025,No,,
E103026,No,,
E103027,No,,
E103028,No,,
E103029,No,,
E103030,No,,
E103031,Yes,2022-09-18,Better Pay
E103032,No,,
E103033,No,,
E103034,No,,
E103035,No,,
E103036,No,,
E103037,Yes,2023-09-27,Better Pay
E103038,No,,
E103039,Yes,2024-05-22,Career Stagnation
E103040,Yes,2024-02-06,Better Pay
E103041,No,,
E103042,No,,
E103043,Yes,2022-03-23,Career Stagnation
E103044,Yes,2022-10-06,Manager Issues
E103045,No,,
E103046,Yes,2023-01-29,Career Stagnation
E103047,No,,
E103048,No,,
E103049,No,,
E103050,No,,
E103051,Yes,2023-07-30,Manager Issues
E103052,No,,
E103053,No,,
E103054,No,,
E103055,No,,
E103056,Yes,2022-03-05,Career Stagnation
E103057,Yes,2018-10-19,Better Pay
E103058,Yes,2027-04-20,Career Stagnation
E103059,Yes,2024-04-09,Work-Life Balance
E103060,No,,
E103061,Yes,2021-02-12,Better Pay
E103062,No,,
E103063,No,,
E103064,No,,
E103065,No,,
E103066,Yes,2023-01-08,Work-Life Balance
E103067,No,,
E103068,No,,
E103069,No,,
E103070,No,,
E103071,Yes,2026-02-10,Career Stagnation
E103072,No,,
E103073,Yes,2021-07-05,Better Pay
E103074,Yes,2022-10-16,Career Stagnation
E103075,No,,
E103076,No,,
E103077,No,,
E103078,No,,
E103079,Yes,2024-09-08,Career Stagnation
E103080,No,,
E103081,No,,
E103082,Yes,2024-11-11,Manager Issues
E103083,No,,
E103084,No,,
E103085,No,,
E103086,No,,
E103087,Yes,2024-09-07,Better Pay
E103088,No,,
E103089,No,,
E103090,Yes,2021-06-03,Career Stagnation
E103091,No,,
E103092,No,,
E103093,No,,
E103094,Yes,2024-01-30,Better Pay
E103095,No,,
E103096,No,,
E103097,No,,
E103098,No,,
E103099,No,,
E103100,Yes,2025-12-17,Career Stagnation
E103101,No,,
E103102,No,,
E103103,No,,
E103104,No,,
E103105,No,,
E103106,Yes,2019-06-10,Better Pay
E103107,Yes,2024-12-18,Better Pay
E103108,No,,
E103109,No,,
E103110,Yes,2021-04-15,Better Pay
E103111,Yes,2018-07-23,Better Pay
E103112,No,,
E103113,Yes,2020-06-12,Career Stagnation
E103114,No,,
E103115,Yes,2018-10-16,Better Pay
E103116,Yes,2025-01-29,Manager Issues
E103117,Yes,2022-08-08,Work-Life Balance
E103118,Yes,2021-08-03,Career Stagnation
E103119,No,,
E103120,Yes,2024-07-06,Career Stagnation
E103121,No,,
E103122,No,,
E103123,No,,
E103124,Yes,2021-03-17,Manager Issues
E103125,Yes,2024-03-20,Career Stagnation
E103126,Yes,2020-02-16,Work-Life Balance
E103127,No,,
E103128,No,,
E103129,Yes,2022-04-09,Better Pay
E103130,No,,
E103131,Yes,2021-02-17,Career Stagnation
E103132,No,,
E103133,No,,
E103134,No,,
E103135,No,,
E103136,No,,
E103137,No,,
E103138,No,,
E103139,No,,
E103140,No,,
E103141,Yes,2022-03-07,Career Stagnation
E103142,No,,
E103143,No,,
E103144,Yes,2027-03-17,Work-Life Balance
E103145,Yes,2018-11-04,Better Pay
E103146,No,,
E103147,No,,
E103148,No,,
E103149,No,,
E103150,No,,
E103151,No,,
E103152,No,,
E103153,Yes,2026-05-13,Better Pay
E103154,No,,
E103155,No,,
E103156,No,,
E103157,No,,
E103158,No,,
E103159,Yes,2027-03-28,Better Pay
E103160,Yes,2020-12-04,Career Stagnation
E103161,No,,
E103162,Yes,2020-12-09,Better Pay
E103163,No,,
E103164,No,,
E103165,No,,
E103166,No,,
E103167,No,,
E103168,No,,
E103169,No,,
E103170,Yes,2024-02-10,Work-Life Balance
E103171,Yes,2024-04-10,Better Pay
E103172,No,,
E103173,Yes,2022-01-01,Work-Life Balance
E103174,No,,
E103175,No,,
E103176,No,,
E103177,No,,
E103178,No,,
E103179,No,,
E103180,No,,
E103181,No,,
E103182,No,,
E103183,Yes,2023-10-14,Manager Issues
E103184,No,,
E103185,No,,
E103186,No,,
E103187,No,,
E103188,Yes,2022-12-24,Better Pay
E103189,No,,
E103190,No,,
E103191,No,,
E103192,Yes,2026-05-02,Better Pay
E103193,No,,
E103194,No,,
E103195,No,,
E103196,Yes,2021-06-17,Career Stagnation
E103197,No,,
E103198,Yes,2023-03-10,Career Stagnation
E103199,Yes,2023-12-20,Work-Life Balance
