candidate_id,job_role,hire_date,time_to_hire,source,offer_accepted
C30000,Accountant,2022-06-01,54,Job Portal,Yes
C30001,Financial Analyst,2023-05-17,21,Job Portal,Yes
C30002,HR Business Partner,2021-06-18,77,Agency,No
C30003,Sales Executive,2023-05-27,59,Job Portal,Yes
C30004,Operations Analyst,2022-10-05,61,Referral,Yes
C30005,HR Business Partner,2022-02-20,80,Job Portal,No
C30006,HR Business Partner,2023-03-27,28,Job Portal,No
C30007,Accountant,2023-05-21,65,Job Portal,No
C30008,Software Engineer,2022-02-25,48,Campus,Yes
C30009,Data Analyst,2022-06-27,67,Campus,Yes
C30010,Sales Executive,2022-07-25,75,Job Portal,Yes
C30011,Operations Analyst,2022-03-04,66,Agency,Yes
C30012,HR Business Partner,2023-01-17,35,Referral,Yes
C30013,Operations Analyst,2022-09-20,25,Job Portal,Yes
C30014,QA Engineer,2021-12-21,59,Job Portal,Yes
C30015,Software Engineer,2023-08-06,35,Referral,Yes
C30016,HR Business Partner,2021-04-30,69,Job Portal,Yes
C30017,Sales Executive,2022-01-17,34,Referral,No
C30018,Software Engineer,2022-02-04,80,Referral,No
C30019,QA Engineer,2021-11-04,56,Campus,No
C30020,HR Business Partner,2021-09-15,74,Job Portal,Yes
C30021,Accountant,2022-09-14,76,Job Portal,Yes
C30022,Process Manager,2023-10-17,57,Job Portal,No
C30023,Process Manager,2023-04-02,19,Campus,Yes
C30024,Accountant,2022-08-22,32,Job Portal,Yes
C30025,Sales Executive,2022-11-26,31,Referral,Yes
C30026,HR Business Partner,2022-06-11,89,Job Portal,Yes
C30027,QA Engineer,2023-09-05,22,Job Portal,Yes
C30028,Operations Analyst,2022-07-26,61,Job Portal,Yes
C30029,Accountant,2022-09-12,33,Referral,Yes
C30030,QA Engineer,2022-09-07,72,Job Portal,Yes
C30031,QA Engineer,2021-12-31,15,Campus,Yes
C30032,HR Executive,2021-11-07,85,Job Portal,No
C30033,Process Manager,2021-08-26,67,Job Portal,Yes
C30034,QA Engineer,2023-08-05,17,Referral,Yes
C30035,Account Manager,2023-07-18,56,Job Portal,Yes
C30036,QA Engineer,2022-02-25,38,Referral,Yes
C30037,HR Business Partner,2022-11-27,79,Job Portal,No
C30038,Sales Executive,2021-11-06,20,Agency,Yes
C30039,Financial Analyst,2022-06-09,72,Job Portal,Yes
C30040,Process Manager,2022-06-29,89,Campus,Yes
C30041,Accountant,2021-03-11,25,Referral,Yes
C30042,Financial Analyst,2023-06-13,83,Job Portal,Yes
C30043,Operations Analyst,2022-10-15,62,Campus,Yes
C30044,Data Analyst,2021-05-05,42,Referral,Yes
C30045,HR Executive,2022-06-28,35,Job Portal,Yes
C30046,Operations Analyst,2022-09-13,37,Campus,Yes
C30047,QA Engineer,2023-01-21,22,Referral,Yes
C30048,Accountant,2023-07-13,65,Job Portal,Yes
C30049,Process Manager,2023-02-25,17,Referral,Yes
C30050,Accountant,2022-02-14,84,Referral,No
C30051,HR Executive,2021-11-17,72,Referral,Yes
C30052,Accountant,2023-04-02,25,Referral,Yes
C30053,Account Manager,2022-10-06,21,Job Portal,Yes
C30054,HR Executive,2021-10-23,36,Campus,Yes
C30055,QA Engineer,2022-08-18,23,Campus,Yes
C30056,Data Analyst,2021-06-17,24,Campus,Yes
C30057,Operations Analyst,2021-05-21,34,Campus,Yes
C30058,Account Manager,2022-09-16,76,Job Portal,Yes
C30059,Accountant,2021-12-29,80,Referral,No
C30060,Operations Analyst,2023-02-16,26,Campus,Yes
C30061,Process Manager,2022-09-17,49,Job Portal,Yes
C30062,HR Executive,2022-03-04,43,Campus,Yes
C30063,HR Executive,2021-03-23,84,Campus,Yes
C30064,Account Manager,2022-10-04,52,Campus,Yes
C30065,Software Engineer,2023-03-29,54,Agency,Yes
C30066,Accountant,2023-07-28,82,Referral,Yes
C30067,HR Business Partner,2021-11-02,28,Campus,No
C30068,Process Manager,2022-09-12,35,Job Portal,Yes
C30069,Account Manager,2021-04-30,79,Job Portal,Yes
C30070,Accountant,2021-06-28,25,Job Portal,Yes
C30071,QA Engineer,2023-06-01,63,Campus,No
C30072,Software Engineer,2022-09-13,19,Campus,Yes
C30073,Sales Executive,2023-03-29,89,Job Portal,Yes
C30074,HR Executive,2021-05-03,72,Referral,No
C30075,Operations Analyst,2022-12-05,44,Referral,Yes
C30076,Accountant,2022-12-15,41,Job Portal,Yes
C30077,QA Engineer,2021-07-07,55,Job Portal,Yes
C30078,HR Executive,2021-04-27,79,Agency,Yes
C30079,Financial Analyst,2022-11-15,86,Job Portal,Yes
C30080,HR Executive,2022-09-03,75,Referral,Yes
C30081,QA Engineer,2022-03-28,34,Job Portal,Yes
C30082,Account Manager,2022-02-06,55,Referral,Yes
C30083,Software Engineer,2023-07-16,55,Job Portal,Yes
C30084,Process Manager,2021-07-09,52,Referral,No
C30085,QA Engineer,2021-04-29,30,Job Portal,Yes
C30086,Account Manager,2023-04-29,78,Referral,No
C30087,QA Engineer,2023-03-26,45,Job Portal,Yes
C30088,HR Business Partner,2023-03-31,73,Referral,Yes
C30089,Financial Analyst,2021-05-17,38,Agency,Yes
C30090,Accountant,2023-06-26,38,Campus,No
C30091,Accountant,2023-01-10,24,Referral,Yes
C30092,HR Executive,2023-05-22,71,Job Portal,Yes
C30093,HR Executive,2021-10-21,76,Referral,Yes
C30094,Financial Analyst,2021-07-30,16,Agency,Yes
C30095,Data Analyst,2022-09-25,18,Referral,Yes
C30096,Account Manager,2022-06-16,75,Referral,Yes
C30097,HR Executive,2021-06-18,59,Referral,No
C30098,Accountant,2021-06-11,21,Campus,No
C30099,QA Engineer,2021-10-23,60,Referral,Yes
C30100,Process Manager,2022-07-03,47,Referral,Yes
C30101,Financial Analyst,2023-03-05,67,Job Portal,Yes
C30102,Data Analyst,2022-06-19,25,Job Portal,Yes
C30103,Financial Analyst,2021-03-24,89,Referral,No
C30104,Process Manager,2021-08-03,86,Job Portal,No
C30105,Software Engineer,2023-05-23,59,Job Portal,Yes
C30106,Accountant,2021-12-29,17,Job Portal,No
C30107,Operations Analyst,2021-11-01,53,Job Portal,Yes
C30108,HR Business Partner,2023-07-24,89,Campus,Yes
C30109,Sales Executive,2022-07-01,75,Campus,Yes
C30110,Data Analyst,2021-12-26,18,Referral,No
C30111,Sales Executive,2022-07-15,58,Referral,Yes
C30112,HR Executive,2022-06-05,49,Referral,No
C30113,Software Engineer,2022-03-27,51,Referral,Yes
C30114,Sales Executive,2023-08-02,22,Referral,Yes
C30115,HR Executive,2021-03-03,55,Job Portal,Yes
C30116,HR Business Partner,2023-01-14,41,Referral,No
C30117,Process Manager,2022-09-16,81,Referral,Yes
C30118,QA Engineer,2022-12-12,79,Campus,Yes
C30119,Financial Analyst,2021-10-02,76,Job Portal,Yes
C30120,QA Engineer,2023-09-01,43,Referral,Yes
C30121,HR Business Partner,2022-05-08,31,Campus,Yes
C30122,Account Manager,2023-03-09,54,Job Portal,Yes
C30123,Account Manager,2021-04-09,26,Referral,Yes
C30124,Sales Executive,2023-01-13,88,Referral,Yes
C30125,Financial Analyst,2023-10-24,86,Referral,Yes
C30126,Process Manager,2022-01-29,47,Job Portal,Yes
C30127,Data Analyst,2021-03-16,40,Agency,Yes
C30128,Account Manager,2021-03-22,25,Referral,Yes
C30129,Process Manager,2023-03-15,86,Agency,Yes
C30130,Data Analyst,2023-09-18,72,Job Portal,No
C30131,QA Engineer,2022-10-18,70,Job Portal,Yes
C30132,Data Analyst,2022-09-28,87,Referral,Yes
C30133,Sales Executive,2022-12-21,60,Referral,Yes
C30134,Process Manager,2021-03-31,34,Referral,Yes
C30135,Operations Analyst,2021-09-21,72,Job Portal,Yes
C30136,Data Analyst,2021-03-11,43,Referral,No
C30137,Operations Analyst,2023-03-27,66,Referral,Yes
C30138,HR Business Partner,2021-03-09,34,Job Portal,Yes
C30139,Account Manager,2022-10-19,15,Job Portal,Yes
C30140,Financial Analyst,2023-01-06,74,Campus,No
C30141,HR Business Partner,2022-10-14,41,Campus,Yes
C30142,Sales Executive,2023-08-24,47,Job Portal,Yes
C30143,Operations Analyst,2022-06-16,52,Job Portal,No
C30144,QA Engineer,2023-02-16,73,Agency,Yes
C30145,Software Engineer,2023-10-18,83,Job Portal,Yes
C30146,Software Engineer,2023-02-01,37,Referral,Yes
C30147,QA Engineer,2022-06-18,35,Job Portal,Yes
C30148,Sales Executive,2021-03-08,83,Agency,No
C30149,Software Engineer,2021-07-26,49,Campus,No
C30150,Accountant,2022-11-29,65,Referral,Yes
C30151,Accountant,2023-03-18,37,Campus,Yes
C30152,QA Engineer,2022-02-16,24,Campus,Yes
C30153,Data Analyst,2021-11-16,72,Campus,Yes
C30154,Data Analyst,2023-05-08,77,Job Portal,Yes
C30155,Data Analyst,2023-10-25,66,Job Portal,Yes
C30156,QA Engineer,2023-07-13,86,Referral,No
C30157,Software Engineer,2021-07-29,69,Job Portal,Yes
C30158,QA Engineer,2021-02-14,80,Referral,Yes
C30159,Process Manager,2023-02-23,79,Job Portal,Yes
C30160,Sales Executive,2022-11-28,28,Job Portal,Yes
C30161,Data Analyst,2021-11-16,81,Referral,No
C30162,Accountant,2022-03-29,35,Campus,No
C30163,HR Business Partner,2022-12-10,60,Job Portal,Yes
C30164,Accountant,2022-08-29,68,Referral,Yes
C30165,HR Executive,2021-04-07,71,Job Portal,Yes
C30166,HR Executive,2021-12-12,28,Job Portal,Yes
C30167,Account Manager,2021-06-08,49,Referral,Yes
C30168,Process Manager,2023-10-18,24,Campus,No
C30169,Software Engineer,2022-03-25,32,Campus,Yes
C30170,HR Business Partner,2022-01-25,73,Referral,No
C30171,HR Executive,2023-08-09,77,Referral,Yes
C30172,HR Business Partner,2021-05-02,57,Job Portal,Yes
C30173,Financial Analyst,2021-05-19,76,Job Portal,Yes
C30174,Data Analyst,2023-01-24,33,Referral,Yes
C30175,Operations Analyst,2022-12-20,70,Agency,Yes
C30176,Financial Analyst,2021-02-22,72,Job Portal,Yes
C30177,Data Analyst,2022-05-03,46,Job Portal,Yes
C30178,Process Manager,2023-02-17,36,Job Portal,Yes
C30179,HR Executive,2021-07-15,27,Job Portal,No
C30180,Operations Analyst,2021-05-23,48,Campus,Yes
C30181,Process Manager,2021-04-29,56,Referral,Yes
C30182,HR Executive,2021-12-22,48,Job Portal,Yes
C30183,Accountant,2022-12-05,79,Referral,Yes
C30184,Accountant,2021-11-28,27,Job Portal,Yes
C30185,Account Manager,2022-11-23,88,Job Portal,Yes
C30186,Software Engineer,2022-10-20,79,Referral,Yes
C30187,Process Manager,2021-04-14,25,Campus,Yes
C30188,Data Analyst,2022-09-10,72,Job Portal,Yes
C30189,Financial Analyst,2023-03-28,22,Job Portal,Yes
C30190,Financial Analyst,2021-05-14,83,Referral,Yes
C30191,Software Engineer,2021-10-16,76,Agency,Yes
C30192,Account Manager,2021-10-16,80,Job Portal,No
C30193,QA Engineer,2022-08-20,76,Campus,No
C30194,QA Engineer,2023-09-13,42,Referral,Yes
C30195,QA Engineer,2022-01-27,71,Campus,Yes
C30196,Account Manager,2022-03-07,44,Job Portal,Yes
C30197,Sales Executive,2021-03-07,54,Agency,Yes
C30198,QA Engineer,2021-06-13,70,Referral,Yes
C30199,Financial Analyst,2021-07-16,53,Referral,No
C30200,Software Engineer,2021-07-21,34,Job Portal,Yes
C30201,Financial Analyst,2021-05-28,36,Campus,Yes
C30202,Software Engineer,2023-02-17,37,Referral,Yes
C30203,Account Manager,2021-05-22,58,Job Portal,Yes
C30204,Operations Analyst,2022-09-17,62,Job Portal,Yes
C30205,Sales Executive,2021-08-18,71,Job Portal,Yes
C30206,Accountant,2021-02-18,66,Job Portal,Yes
C30207,QA Engineer,2022-05-03,43,Referral,Yes
C30208,HR Executive,2021-03-30,34,Campus,Yes
C30209,HR Executive,2021-12-05,30,Job Portal,No
C30210,Software Engineer,2023-05-29,15,Job Portal,No
C30211,QA Engineer,2022-06-24,32,Campus,Yes
C30212,HR Business Partner,2022-09-13,76,Job Portal,Yes
C30213,Operations Analyst,2021-11-02,35,Job Portal,No
C30214,Process Manager,2023-02-15,48,Job Portal,No
C30215,HR Business Partner,2022-03-25,62,Campus,Yes
C30216,HR Business Partner,2022-03-11,27,Referral,No
C30217,QA Engineer,2023-09-16,82,Job Portal,Yes
C30218,QA Engineer,2022-09-24,56,Referral,Yes
C30219,HR Business Partner,2021-02-09,28,Referral,Yes
C30220,Account Manager,2022-12-10,61,Job Portal,Yes
C30221,Operations Analyst,2021-12-29,43,Referral,Yes
C30222,Account Manager,2022-11-26,86,Referral,Yes
C30223,QA Engineer,2021-04-04,78,Referral,Yes
C30224,Accountant,2023-09-09,25,Referral,No
C30225,Sales Executive,2021-09-25,89,Agency,Yes
C30226,Sales Executive,2023-09-02,44,Job Portal,Yes
C30227,Sales Executive,2023-03-18,63,Referral,No
C30228,Accountant,2022-12-26,40,Referral,Yes
C30229,HR Business Partner,2021-10-18,30,Job Portal,Yes
C30230,HR Executive,2023-07-26,87,Referral,No
C30231,QA Engineer,2022-06-25,70,Campus,No
C30232,Operations Analyst,2021-03-21,19,Job Portal,No
C30233,Software Engineer,2021-10-06,76,Referral,Yes
C30234,HR Executive,2022-04-05,82,Job Portal,No
C30235,Operations Analyst,2021-08-18,86,Job Portal,Yes
C30236,Process Manager,2021-08-08,67,Referral,Yes
C30237,Operations Analyst,2023-10-03,63,Job Portal,Yes
C30238,HR Executive,2023-03-06,41,Referral,Yes
C30239,Account Manager,2023-05-01,57,Referral,Yes
C30240,Accountant,2023-08-20,15,Referral,Yes
C30241,Accountant,2023-05-24,43,Referral,Yes
C30242,Account Manager,2022-08-03,19,Referral,Yes
C30243,Account Manager,2021-07-09,30,Referral,Yes
C30244,HR Executive,2021-06-28,27,Job Portal,No
C30245,Financial Analyst,2021-09-16,51,Referral,Yes
C30246,Process Manager,2023-02-28,19,Job Portal,Yes
C30247,Sales Executive,2022-11-15,31,Job Portal,Yes
C30248,Software Engineer,2022-01-13,27,Job Portal,Yes
C30249,Sales Executive,2022-08-07,30,Job Portal,Yes
C30250,Process Manager,2021-12-20,34,Job Portal,Yes
C30251,HR Business Partner,2021-10-21,83,Referral,Yes
C30252,Sales Executive,2023-01-20,88,Job Portal,Yes
C30253,Accountant,2022-12-08,75,Campus,Yes
C30254,Accountant,2021-06-15,26,Job Portal,Yes
C30255,Financial Analyst,2021-03-01,69,Referral,No
C30256,Account Manager,2022-12-21,36,Referral,Yes
C30257,HR Business Partner,2023-04-25,52,Referral,No
C30258,QA Engineer,2022-10-29,87,Referral,Yes
C30259,Financial Analyst,2021-06-02,80,Job Portal,No
C30260,Accountant,2023-03-16,24,Referral,Yes
C30261,Financial Analyst,2022-06-29,59,Job Portal,Yes
C30262,HR Business Partner,2021-02-19,41,Job Portal,Yes
C30263,Accountant,2023-03-31,42,Agency,Yes
C30264,QA Engineer,2022-07-20,60,Referral,Yes
C30265,Sales Executive,2023-01-02,70,Referral,No
C30266,HR Executive,2021-07-20,65,Job Portal,Yes
C30267,Sales Executive,2023-08-09,71,Job Portal,Yes
C30268,QA Engineer,2021-04-18,37,Campus,No
C30269,HR Executive,2021-09-02,47,Referral,Yes
C30270,Operations Analyst,2023-09-16,72,Job Portal,Yes
C30271,Financial Analyst,2021-05-17,70,Job Portal,No
C30272,HR Business Partner,2023-07-22,33,Job Portal,Yes
C30273,HR Business Partner,2022-03-15,21,Agency,No
C30274,Software Engineer,2022-08-14,73,Referral,Yes
C30275,Financial Analyst,2023-03-17,57,Campus,Yes
C30276,Operations Analyst,2023-03-22,73,Job Portal,No
C30277,Financial Analyst,2023-07-06,49,Job Portal,Yes
C30278,QA Engineer,2022-08-29,79,Agency,Yes
C30279,Data Analyst,2022-07-07,72,Campus,Yes
C30280,Account Manager,2022-10-03,56,Campus,No
C30281,HR Business Partner,2021-06-24,54,Campus,Yes
C30282,Process Manager,2021-09-13,24,Agency,Yes
C30283,Financial Analyst,2022-06-20,70,Job Portal,Yes
C30284,HR Business Partner,2022-11-01,73,Referral,Yes
C30285,Accountant,2021-09-30,77,Job Portal,Yes
C30286,Software Engineer,2022-07-22,65,Referral,Yes
C30287,Software Engineer,2021-03-16,76,Referral,Yes
C30288,Account Manager,2022-02-05,56,Referral,Yes
C30289,Operations Analyst,2023-07-20,19,Campus,Yes
C30290,QA Engineer,2022-06-03,51,Referral,Yes
C30291,Operations Analyst,2022-05-02,72,Job Portal,No
C30292,Accountant,2021-07-14,69,Campus,Yes
C30293,Process Manager,2023-08-25,55,Job Portal,Yes
C30294,Sales Executive,2022-10-09,68,Job Portal,Yes
C30295,Sales Executive,2023-09-26,56,Referral,Yes
C30296,Operations Analyst,2023-03-23,69,Job Portal,Yes
C30297,Accountant,2023-08-13,23,Referral,Yes
C30298,Data Analyst,2023-02-13,28,Job Portal,No
C30299,QA Engineer,2023-05-30,73,Job Portal,Yes
C30300,Software Engineer,2021-09-10,26,Job Portal,Yes
C30301,Account Manager,2021-06-20,18,Job Portal,No
C30302,Financial Analyst,2022-12-07,78,Referral,Yes
C30303,Data Analyst,2023-07-24,80,Job Portal,Yes
C30304,Financial Analyst,2022-03-18,85,Agency,Yes
C30305,Financial Analyst,2021-05-13,78,Campus,Yes
C30306,Operations Analyst,2022-04-23,56,Job Portal,Yes
C30307,Financial Analyst,2021-12-25,34,Campus,Yes
C30308,Sales Executive,2023-09-15,22,Agency,Yes
C30309,Operations Analyst,2021-04-14,49,Job Portal,Yes
C30310,Process Manager,2021-12-25,51,Campus,Yes
C30311,Data Analyst,2022-11-23,30,Campus,Yes
C30312,Software Engineer,2022-08-13,67,Agency,Yes
C30313,Process Manager,2023-02-18,50,Job Portal,Yes
C30314,HR Business Partner,2021-12-29,17,Referral,Yes
C30315,Financial Analyst,2022-07-28,84,Job Portal,Yes
C30316,Software Engineer,2021-11-27,23,Job Portal,No
C30317,Data Analyst,2022-05-20,41,Referral,Yes
C30318,Data Analyst,2022-12-29,28,Agency,Yes
C30319,Data Analyst,2023-05-05,83,Job Portal,Yes
C30320,Account Manager,2022-02-08,19,Agency,Yes
C30321,Account Manager,2022-11-18,61,Job Portal,Yes
C30322,Process Manager,2022-01-07,80,Referral,Yes
C30323,QA Engineer,2023-08-26,39,Referral,Yes
C30324,Data Analyst,2022-07-02,43,Job Portal,Yes
C30325,Account Manager,2022-09-30,49,Referral,No
C30326,Accountant,2023-09-14,87,Job Portal,Yes
C30327,Software Engineer,2021-06-15,84,Referral,Yes
C30328,Account Manager,2021-03-06,81,Referral,Yes
C30329,Account Manager,2022-09-11,52,Job Portal,Yes
C30330,Sales Executive,2023-02-12,85,Job Portal,No
C30331,Account Manager,2022-12-24,78,Agency,Yes
C30332,QA Engineer,2023-02-19,47,Campus,Yes
C30333,Account Manager,2022-08-04,50,Job Portal,Yes
C30334,HR Executive,2021-07-02,33,Referral,Yes
C30335,Data Analyst,2023-06-29,77,Agency,Yes
C30336,Data Analyst,2021-06-05,66,Campus,No
C30337,Sales Executive,2022-12-10,58,Agency,Yes
C30338,Financial Analyst,2022-10-01,73,Job Portal,No
C30339,Financial Analyst,2022-02-08,35,Referral,No
C30340,HR Executive,2023-07-12,19,Referral,Yes
C30341,HR Business Partner,2021-08-27,70,Referral,No
C30342,Account Manager,2022-07-02,45,Job Portal,Yes
C30343,HR Executive,2023-03-01,19,Referral,Yes
C30344,Financial Analyst,2023-06-28,69,Job Portal,No
C30345,Data Analyst,2021-10-21,35,Agency,Yes
C30346,Software Engineer,2022-12-11,89,Campus,Yes
C30347,Account Manager,2021-05-22,37,Referral,Yes
C30348,HR Executive,2021-09-03,44,Referral,No
C30349,Sales Executive,2022-12-20,42,Job Portal,Yes
C30350,Operations Analyst,2021-10-24,38,Job Portal,Yes
C30351,Data Analyst,2022-07-19,41,Campus,Yes
C30352,Sales Executive,2022-05-05,72,Referral,No
C30353,Operations Analyst,2023-05-11,43,Referral,No
C30354,HR Executive,2022-04-23,24,Referral,Yes
C30355,QA Engineer,2021-04-11,19,Campus,Yes
C30356,QA Engineer,2022-07-18,35,Campus,Yes
C30357,Account Manager,2021-08-19,41,Job Portal,Yes
C30358,QA Engineer,2022-12-09,28,Campus,Yes
C30359,Accountant,2021-03-13,84,Job Portal,Yes
C30360,Accountant,2023-10-16,87,Agency,Yes
C30361,Account Manager,2022-02-28,25,Referral,No
C30362,Account Manager,2021-08-28,30,Referral,Yes
C30363,Sales Executive,2021-10-30,87,Referral,Yes
C30364,Data Analyst,2023-06-27,68,Job Portal,Yes
C30365,HR Executive,2022-11-04,64,Referral,Yes
C30366,Data Analyst,2022-03-27,72,Referral,No
C30367,QA Engineer,2021-08-07,54,Job Portal,Yes
C30368,Operations Analyst,2023-10-21,84,Referral,Yes
C30369,Financial Analyst,2022-10-01,18,Campus,Yes
C30370,Accountant,2022-11-01,65,Campus,No
C30371,Financial Analyst,2023-10-07,46,Agency,Yes
C30372,Software Engineer,2023-01-19,39,Campus,Yes
C30373,Accountant,2022-08-02,77,Referral,Yes
C30374,Software Engineer,2022-06-13,70,Referral,Yes
C30375,HR Business Partner,2021-03-22,50,Job Portal,No
C30376,Accountant,2023-08-22,39,Agency,No
C30377,Account Manager,2023-06-02,69,Job Portal,Yes
C30378,Financial Analyst,2021-07-21,83,Campus,Yes
C30379,Process Manager,2022-03-25,41,Agency,Yes
C30380,Software Engineer,2022-10-27,83,Referral,No
C30381,QA Engineer,2023-07-09,36,Job Portal,Yes
C30382,HR Business Partner,2021-05-13,81,Referral,Yes
C30383,Financial Analyst,2021-11-16,89,Referral,Yes
C30384,Software Engineer,2022-02-20,66,Job Portal,Yes
C30385,Accountant,2021-02-09,60,Agency,No
C30386,HR Business Partner,2022-10-17,80,Referral,Yes
C30387,Data Analyst,2022-07-20,60,Referral,Yes
C30388,QA Engineer,2023-02-11,43,Referral,Yes
C30389,HR Business Partner,2022-09-17,20,Job Portal,Yes
C30390,Data Analyst,2023-01-01,69,Job Portal,Yes
C30391,Operations Analyst,2022-07-07,74,Campus,Yes
C30392,Process Manager,2022-07-08,20,Job Portal,No
C30393,Sales Executive,2021-05-02,58,Referral,Yes
C30394,Software Engineer,2021-08-20,79,Job Portal,No
C30395,Accountant,2022-07-20,65,Job Portal,No
C30396,Financial Analyst,2023-04-17,87,Job Portal,Yes
C30397,Process Manager,2021-09-03,43,Job Portal,No
C30398,Process Manager,2022-03-28,77,Job Portal,Yes
C30399,Process Manager,2021-11-27,29,Job Portal,No
C30400,Data Analyst,2023-01-11,30,Job Portal,Yes
C30401,HR Business Partner,2022-08-02,28,Job Portal,No
C30402,QA Engineer,2023-11-03,85,Referral,No
C30403,Operations Analyst,2023-07-28,47,Job Portal,Yes
C30404,Sales Executive,2022-05-21,70,Referral,No
C30405,QA Engineer,2021-05-26,88,Job Portal,Yes
C30406,Financial Analyst,2023-05-11,68,Referral,Yes
C30407,Sales Executive,2023-05-09,33,Campus,Yes
C30408,Operations Analyst,2022-11-02,57,Referral,Yes
C30409,Financial Analyst,2022-11-19,79,Referral,No
C30410,Accountant,2023-10-24,26,Referral,Yes
C30411,Sales Executive,2022-08-21,74,Job Portal,No
C30412,Operations Analyst,2021-05-03,19,Job Portal,Yes
C30413,Process Manager,2021-02-19,65,Job Portal,Yes
C30414,QA Engineer,2022-03-18,15,Campus,Yes
C30415,Accountant,2022-04-06,34,Agency,Yes
C30416,Sales Executive,2021-09-03,31,Campus,Yes
C30417,Process Manager,2022-05-04,67,Agency,Yes
C30418,Operations Analyst,2021-02-12,33,Job Portal,No
C30419,Sales Executive,2022-09-05,56,Job Portal,No
C30420,Software Engineer,2022-04-10,25,Referral,No
C30421,QA Engineer,2021-07-01,17,Referral,Yes
C30422,Operations Analyst,2021-02-23,54,Job Portal,Yes
C30423,Data Analyst,2021-06-19,17,Referral,Yes
C30424,Sales Executive,2022-06-07,16,Referral,Yes
C30425,QA Engineer,2023-08-01,34,Campus,Yes
C30426,Operations Analyst,2023-08-18,71,Campus,Yes
C30427,QA Engineer,2021-11-17,37,Job Portal,No
C30428,Sales Executive,2023-04-27,71,Job Portal,Yes
C30429,QA Engineer,2023-09-30,69,Job Portal,No
C30430,Data Analyst,2022-12-16,67,Referral,No
C30431,Account Manager,2023-09-09,46,Campus,Yes
C30432,Sales Executive,2023-10-22,69,Referral,Yes
C30433,Account Manager,2021-12-11,57,Referral,No
C30434,HR Executive,2021-10-24,57,Referral,Yes
C30435,Software Engineer,2021-05-05,27,Referral,Yes
C30436,Account Manager,2021-09-19,37,Referral,Yes
C30437,Accountant,2022-04-07,56,Agency,Yes
C30438,Process Manager,2021-12-07,40,Job Portal,No
C30439,Data Analyst,2023-01-03,22,Referral,Yes
C30440,QA Engineer,2022-06-24,20,Referral,Yes
C30441,HR Business Partner,2023-02-01,37,Job Portal,Yes
C30442,Financial Analyst,2022-02-20,76,Job Portal,Yes
C30443,Sales Executive,2022-02-05,87,Campus,No
C30444,Data Analyst,2022-07-30,15,Job Portal,No
C30445,Sales Executive,2021-07-19,63,Referral,Yes
C30446,HR Executive,2021-11-03,75,Job Portal,Yes
C30447,Data Analyst,2022-03-07,20,Job Portal,Yes
C30448,HR Executive,2022-04-10,79,Referral,Yes
C30449,Account Manager,2023-08-12,22,Job Portal,No
C30450,Financial Analyst,2021-02-24,27,Campus,Yes
C30451,HR Business Partner,2022-01-13,41,Job Portal,Yes
C30452,Account Manager,2022-11-26,60,Campus,No
C30453,Software Engineer,2022-03-15,25,Job Portal,No
C30454,Operations Analyst,2022-01-12,32,Agency,Yes
C30455,Accountant,2022-02-06,78,Referral,Yes
C30456,Data Analyst,2022-01-30,66,Referral,Yes
C30457,HR Business Partner,2021-04-20,42,Job Portal,Yes
C30458,Accountant,2023-04-04,24,Job Portal,No
C30459,Operations Analyst,2021-06-27,59,Referral,Yes
C30460,Process Manager,2022-11-04,69,Referral,No
C30461,Process Manager,2023-05-27,56,Referral,No
C30462,Software Engineer,2023-05-23,74,Job Portal,Yes
C30463,HR Executive,2021-08-05,35,Referral,Yes
C30464,Financial Analyst,2022-07-10,77,Referral,Yes
C30465,HR Executive,2022-11-10,43,Referral,Yes
C30466,Financial Analyst,2021-07-16,75,Agency,Yes
C30467,Software Engineer,2023-08-28,60,Job Portal,Yes
C30468,Operations Analyst,2022-08-05,78,Campus,Yes
C30469,Process Manager,2023-10-17,69,Referral,Yes
C30470,Software Engineer,2021-08-08,65,Job Portal,Yes
C30471,Account Manager,2023-07-19,32,Job Portal,No
C30472,Account Manager,2022-12-06,57,Agency,Yes
C30473,Sales Executive,2022-07-16,76,Campus,No
C30474,Software Engineer,2023-02-20,26,Job Portal,Yes
C30475,Process Manager,2022-10-08,33,Referral,Yes
C30476,Sales Executive,2023-10-16,80,Job Portal,No
C30477,HR Business Partner,2023-09-16,73,Job Portal,No
C30478,Process Manager,2022-08-20,77,Job Portal,Yes
C30479,QA Engineer,2022-10-13,55,Referral,No
C30480,QA Engineer,2022-05-08,84,Job Portal,Yes
C30481,Software Engineer,2023-03-13,81,Campus,Yes
C30482,Financial Analyst,2021-03-20,38,Agency,Yes
C30483,HR Business Partner,2021-12-24,33,Referral,Yes
C30484,Software Engineer,2023-07-26,86,Job Portal,Yes
C30485,Sales Executive,2023-07-30,78,Referral,No
C30486,Operations Analyst,2023-03-08,38,Job Portal,Yes
C30487,Process Manager,2022-10-01,61,Campus,Yes
C30488,Accountant,2023-06-06,64,Campus,Yes
C30489,Financial Analyst,2021-10-05,45,Job Portal,Yes
C30490,Process Manager,2023-07-14,46,Referral,Yes
C30491,Account Manager,2022-07-17,31,Job Portal,Yes
C30492,Sales Executive,2023-05-07,84,Agency,Yes
C30493,Account Manager,2021-12-18,42,Campus,Yes
C30494,Account Manager,2023-02-16,54,Agency,Yes
C30495,Data Analyst,2023-09-23,36,Job Portal,Yes
C30496,Operations Analyst,2021-02-22,48,Referral,No
C30497,HR Business Partner,2022-03-23,78,Agency,Yes
C30498,HR Executive,2021-07-17,64,Job Portal,Yes
C30499,Sales Executive,2023-02-12,33,Job Portal,Yes
C30500,HR Business Partner,2022-10-08,30,Referral,Yes
C30501,Software Engineer,2023-08-26,48,Agency,No
C30502,Data Analyst,2023-08-14,21,Job Portal,Yes
C30503,Data Analyst,2021-02-24,79,Referral,Yes
C30504,Accountant,2022-11-08,24,Job Portal,Yes
C30505,Sales Executive,2023-04-16,36,Job Portal,No
C30506,Data Analyst,2022-02-18,75,Job Portal,Yes
C30507,Accountant,2022-11-25,52,Job Portal,No
C30508,QA Engineer,2021-03-13,50,Job Portal,Yes
C30509,QA Engineer,2023-05-14,78,Campus,Yes
C30510,Software Engineer,2022-10-04,32,Job Portal,Yes
C30511,Financial Analyst,2021-03-04,79,Campus,Yes
C30512,QA Engineer,2023-09-27,68,Referral,Yes
C30513,Software Engineer,2022-07-01,53,Campus,Yes
C30514,Accountant,2021-09-02,18,Job Portal,No
C30515,Financial Analyst,2023-02-24,69,Job Portal,Yes
C30516,Financial Analyst,2022-06-28,25,Referral,Yes
C30517,Accountant,2021-05-17,63,Referral,No
C30518,QA Engineer,2022-02-15,81,Job Portal,No
C30519,QA Engineer,2021-12-05,40,Campus,Yes
C30520,HR Business Partner,2021-09-02,38,Referral,Yes
C30521,Process Manager,2023-08-03,45,Campus,Yes
C30522,HR Executive,2023-07-21,45,Job Portal,No
C30523,Process Manager,2021-06-11,25,Job Portal,Yes
C30524,Software Engineer,2021-08-13,41,Referral,Yes
C30525,HR Executive,2022-04-03,16,Job Portal,Yes
C30526,HR Executive,2022-09-24,56,Job Portal,Yes
C30527,QA Engineer,2022-11-30,57,Referral,No
C30528,QA Engineer,2021-03-25,74,Referral,Yes
C30529,Data Analyst,2023-03-28,62,Agency,Yes
C30530,Operations Analyst,2022-06-21,33,Referral,Yes
C30531,Account Manager,2021-03-02,54,Job Portal,Yes
C30532,Process Manager,2021-10-27,43,Referral,No
C30533,Data Analyst,2021-11-05,73,Referral,Yes
C30534,HR Executive,2021-09-25,46,Job Portal,No
C30535,Software Engineer,2023-07-27,56,Referral,Yes
C30536,Account Manager,2021-07-12,52,Job Portal,Yes
C30537,Process Manager,2022-10-25,30,Agency,No
C30538,Operations Analyst,2022-06-10,19,Referral,Yes
C30539,QA Engineer,2021-12-02,18,Job Portal,Yes
C30540,Accountant,2023-01-10,67,Job Portal,Yes
C30541,Data Analyst,2023-11-02,51,Job Portal,Yes
C30542,Account Manager,2022-10-19,36,Job Portal,No
C30543,Account Manager,2023-09-14,72,Job Portal,No
C30544,Accountant,2023-04-04,43,Referral,No
C30545,Operations Analyst,2022-10-01,29,Job Portal,No
C30546,Data Analyst,2022-03-01,68,Job Portal,Yes
C30547,Operations Analyst,2022-11-11,77,Job Portal,Yes
C30548,Software Engineer,2023-02-15,25,Referral,Yes
C30549,HR Business Partner,2022-11-04,63,Job Portal,Yes
C30550,Account Manager,2022-06-23,59,Job Portal,Yes
C30551,Accountant,2022-05-14,33,Agency,Yes
C30552,Account Manager,2021-10-19,65,Agency,No
C30553,HR Business Partner,2022-02-20,24,Agency,No
C30554,Process Manager,2021-06-26,81,Job Portal,No
C30555,HR Executive,2021-10-06,36,Job Portal,Yes
C30556,HR Business Partner,2023-04-09,76,Referral,Yes
C30557,Process Manager,2023-01-01,54,Job Portal,No
C30558,HR Executive,2021-09-13,52,Referral,Yes
C30559,Financial Analyst,2021-04-22,19,Referral,Yes
C30560,Financial Analyst,2022-02-23,70,Referral,Yes
C30561,Process Manager,2021-02-25,33,Job Portal,No
C30562,Software Engineer,2022-06-18,46,Referral,No
C30563,Data Analyst,2021-10-05,67,Job Portal,Yes
C30564,HR Business Partner,2022-12-12,86,Referral,Yes
C30565,Software Engineer,2022-09-18,52,Job Portal,Yes
C30566,HR Executive,2023-05-19,32,Job Portal,Yes
C30567,Financial Analyst,2022-06-19,68,Referral,Yes
C30568,Data Analyst,2023-05-25,48,Referral,Yes
C30569,Accountant,2023-04-26,51,Referral,Yes
C30570,Software Engineer,2023-01-14,33,Campus,No
C30571,Accountant,2023-05-01,16,Campus,Yes
C30572,Software Engineer,2021-11-08,71,Referral,Yes
C30573,HR Executive,2021-07-23,16,Job Portal,Yes
C30574,QA Engineer,2021-07-10,87,Referral,Yes
C30575,Data Analyst,2022-07-03,29,Campus,Yes
C30576,Data Analyst,2023-05-08,34,Agency,Yes
C30577,HR Business Partner,2023-03-15,68,Job Portal,No
C30578,Operations Analyst,2021-10-15,20,Referral,Yes
C30579,Sales Executive,2022-04-25,53,Job Portal,Yes
C30580,HR Business Partner,2022-08-14,72,Referral,Yes
C30581,QA Engineer,2021-07-26,49,Referral,Yes
C30582,QA Engineer,2021-09-18,23,Job Portal,Yes
C30583,Data Analyst,2022-10-22,54,Referral,No
C30584,HR Executive,2022-12-17,38,Campus,Yes
C30585,HR Business Partner,2023-10-03,58,Job Portal,Yes
C30586,HR Executive,2021-10-23,67,Agency,Yes
C30587,Accountant,2022-01-19,82,Job Portal,No
C30588,HR Executive,2021-02-24,48,Referral,No
C30589,HR Executive,2023-08-23,67,Job Portal,No
C30590,Sales Executive,2021-06-23,41,Referral,No
C30591,Data Analyst,2021-11-05,15,Agency,No
C30592,QA Engineer,2022-06-21,79,Campus,Yes
C30593,Accountant,2022-02-16,72,Job Portal,Yes
C30594,HR Business Partner,2023-08-27,62,Job Portal,Yes
C30595,Software Engineer,2022-03-28,51,Job Portal,Yes
C30596,Account Manager,2022-07-04,32,Job Portal,No
C30597,Financial Analyst,2023-11-05,47,Referral,Yes
C30598,Process Manager,2023-08-27,20,Referral,Yes
C30599,Sales Executive,2021-05-11,58,Job Portal,Yes
C30600,Data Analyst,2021-10-17,44,Campus,Yes
C30601,Account Manager,2022-06-06,78,Campus,Yes
C30602,Sales Executive,2022-09-05,31,Campus,No
C30603,HR Executive,2022-05-28,76,Agency,Yes
C30604,Data Analyst,2021-06-07,86,Referral,Yes
C30605,Software Engineer,2023-09-16,69,Referral,Yes
C30606,Data Analyst,2023-05-01,76,Job Portal,Yes
C30607,Software Engineer,2023-04-28,69,Referral,Yes
C30608,Process Manager,2022-12-26,42,Job Portal,Yes
C30609,Financial Analyst,2022-12-31,83,Agency,Yes
C30610,HR Executive,2021-11-25,83,Campus,Yes
C30611,HR Executive,2023-04-28,44,Agency,Yes
C30612,Process Manager,2023-08-10,64,Job Portal,No
C30613,Data Analyst,2022-03-21,42,Referral,Yes
C30614,Account Manager,2022-08-30,86,Job Portal,Yes
C30615,QA Engineer,2023-03-15,36,Job Portal,No
C30616,Software Engineer,2021-05-27,65,Referral,Yes
C30617,Operations Analyst,2021-09-12,77,Campus,Yes
C30618,QA Engineer,2023-09-23,60,Job Portal,No
C30619,HR Business Partner,2021-12-18,86,Agency,Yes
C30620,Sales Executive,2022-09-19,75,Job Portal,Yes
C30621,HR Executive,2023-04-03,78,Job Portal,Yes
C30622,Financial Analyst,2021-03-04,45,Referral,Yes
C30623,HR Business Partner,2022-01-30,34,Job Portal,Yes
C30624,Process Manager,2022-10-26,82,Job Portal,Yes
C30625,HR Business Partner,2023-02-09,75,Job Portal,Yes
C30626,Financial Analyst,2023-06-21,61,Referral,No
C30627,Data Analyst,2022-06-03,37,Job Portal,Yes
C30628,HR Executive,2022-08-20,23,Referral,Yes
C30629,Software Engineer,2023-08-15,19,Job Portal,No
C30630,QA Engineer,2021-10-26,61,Job Portal,Yes
C30631,Sales Executive,2023-02-24,74,Agency,Yes
C30632,QA Engineer,2021-11-07,82,Referral,Yes
C30633,Software Engineer,2021-12-23,15,Referral,Yes
C30634,Software Engineer,2021-07-02,51,Referral,Yes
C30635,QA Engineer,2022-02-14,16,Campus,Yes
C30636,Operations Analyst,2023-09-07,72,Job Portal,Yes
C30637,HR Business Partner,2021-05-05,18,Referral,Yes
C30638,Software Engineer,2022-04-27,36,Referral,Yes
C30639,Sales Executive,2022-02-15,25,Referral,Yes
C30640,Financial Analyst,2021-11-03,24,Job Portal,Yes
C30641,Account Manager,2021-11-13,59,Referral,Yes
C30642,QA Engineer,2021-06-12,49,Referral,Yes
C30643,Account Manager,2021-02-17,84,Referral,Yes
C30644,Software Engineer,2021-11-29,65,Agency,Yes
C30645,Sales Executive,2022-10-21,43,Job Portal,Yes
C30646,HR Executive,2023-10-06,46,Job Portal,Yes
C30647,QA Engineer,2023-01-19,23,Agency,Yes
C30648,QA Engineer,2023-05-27,16,Job Portal,No
C30649,Software Engineer,2023-01-17,67,Referral,No
C30650,Data Analyst,2021-06-13,23,Job Portal,Yes
C30651,Process Manager,2022-10-26,19,Job Portal,No
C30652,Account Manager,2022-11-23,84,Job Portal,No
C30653,Data Analyst,2021-10-24,23,Job Portal,No
C30654,HR Business Partner,2023-03-15,74,Referral,Yes
C30655,Data Analyst,2023-01-15,67,Referral,No
C30656,Financial Analyst,2023-01-15,40,Referral,Yes
C30657,Process Manager,2023-02-12,88,Job Portal,Yes
C30658,Operations Analyst,2022-06-20,50,Job Portal,Yes
C30659,HR Executive,2021-06-12,23,Campus,Yes
C30660,HR Business Partner,2022-07-31,18,Job Portal,Yes
C30661,Software Engineer,2021-10-29,27,Referral,Yes
C30662,Operations Analyst,2023-09-05,44,Job Portal,Yes
C30663,HR Executive,2021-04-10,81,Agency,Yes
C30664,HR Business Partner,2021-11-03,83,Referral,Yes
C30665,HR Executive,2023-03-14,45,Referral,Yes
C30666,Sales Executive,2022-02-02,66,Referral,No
C30667,HR Executive,2022-01-10,88,Referral,Yes
C30668,Account Manager,2021-04-13,72,Agency,Yes
C30669,QA Engineer,2021-04-02,34,Referral,No
C30670,QA Engineer,2023-09-05,59,Job Portal,Yes
C30671,Operations Analyst,2021-08-13,66,Agency,Yes
C30672,HR Business Partner,2021-05-30,21,Referral,Yes
C30673,Data Analyst,2021-05-29,54,Campus,Yes
C30674,Process Manager,2023-09-26,58,Referral,Yes
C30675,Operations Analyst,2022-10-09,32,Job Portal,Yes
C30676,HR Executive,2022-08-16,88,Referral,Yes
C30677,Sales Executive,2023-05-12,83,Campus,Yes
C30678,Data Analyst,2021-09-25,25,Campus,No
C30679,Operations Analyst,2021-07-29,21,Job Portal,Yes
C30680,Process Manager,2023-10-31,22,Agency,No
C30681,Process Manager,2023-08-30,40,Referral,Yes
C30682,HR Executive,2022-07-12,53,Job Portal,Yes
C30683,Sales Executive,2021-10-28,79,Referral,Yes
C30684,Data Analyst,2021-11-05,38,Referral,Yes
C30685,Data Analyst,2022-11-07,32,Referral,Yes
C30686,Accountant,2023-06-17,35,Job Portal,Yes
C30687,Process Manager,2023-06-21,72,Referral,Yes
C30688,Operations Analyst,2021-09-07,24,Job Portal,No
C30689,Software Engineer,2021-10-26,54,Job Portal,No
C30690,Operations Analyst,2023-05-04,57,Job Portal,Yes
C30691,Sales Executive,2021-07-16,43,Job Portal,Yes
C30692,Operations Analyst,2023-04-21,77,Campus,Yes
C30693,Financial Analyst,2022-10-31,19,Job Portal,Yes
C30694,Financial Analyst,2021-07-24,45,Job Portal,Yes
C30695,Operations Analyst,2023-02-22,17,Job Portal,No
C30696,Financial Analyst,2021-05-27,59,Campus,Yes
C30697,Process Manager,2021-10-12,89,Job Portal,No
C30698,Account Manager,2023-06-13,87,Job Portal,Yes
C30699,QA Engineer,2023-02-26,33,Agency,Yes
C30700,HR Executive,2021-03-28,16,Job Portal,Yes
C30701,HR Business Partner,2022-01-02,57,Agency,No
C30702,Operations Analyst,2021-02-14,34,Referral,Yes
C30703,Data Analyst,2022-05-22,57,Job Portal,Yes
C30704,HR Executive,2023-02-23,42,Referral,Yes
C30705,Accountant,2021-03-19,23,Referral,Yes
C30706,Process Manager,2023-03-19,87,Job Portal,Yes
C30707,Process Manager,2021-05-17,18,Job Portal,No
C30708,Accountant,2021-03-05,31,Referral,No
C30709,Accountant,2021-04-17,83,Job Portal,Yes
C30710,Data Analyst,2021-06-25,58,Job Portal,Yes
C30711,Operations Analyst,2022-03-31,84,Job Portal,Yes
C30712,Operations Analyst,2022-10-13,21,Campus,No
C30713,HR Executive,2023-07-02,69,Referral,Yes
C30714,QA Engineer,2022-10-06,32,Campus,Yes
C30715,Accountant,2022-12-06,24,Campus,Yes
C30716,Sales Executive,2021-11-16,43,Referral,Yes
C30717,HR Business Partner,2023-08-05,62,Referral,Yes
C30718,HR Business Partner,2022-01-11,82,Referral,Yes
C30719,Accountant,2021-11-09,30,Agency,Yes
C30720,Accountant,2021-11-08,40,Campus,Yes
C30721,Software Engineer,2023-08-01,63,Referral,Yes
C30722,Data Analyst,2023-01-02,69,Agency,No
C30723,QA Engineer,2022-05-18,80,Referral,Yes
C30724,Process Manager,2022-10-24,39,Agency,Yes
C30725,Software Engineer,2021-08-14,15,Job Portal,Yes
C30726,Account Manager,2021-05-22,21,Referral,Yes
C30727,Sales Executive,2021-10-18,44,Referral,Yes
C30728,HR Executive,2022-08-15,21,Job Portal,No
C30729,Sales Executive,2023-03-16,30,Referral,No
C30730,Sales Executive,2023-04-15,33,Job Portal,Yes
C30731,Financial Analyst,2022-09-28,17,Referral,No
C30732,Operations Analyst,2021-09-16,42,Job Portal,No
C30733,HR Executive,2022-01-11,50,Campus,Yes
C30734,Operations Analyst,2023-04-05,87,Campus,Yes
C30735,Financial Analyst,2023-09-28,16,Campus,Yes
C30736,HR Executive,2021-11-25,34,Referral,No
C30737,Accountant,2021-11-24,21,Job Portal,Yes
C30738,Data Analyst,2022-02-26,89,Referral,Yes
C30739,Process Manager,2023-09-12,23,Job Portal,Yes
C30740,Financial Analyst,2023-10-14,25,Referral,No
C30741,Accountant,2023-02-13,52,Campus,Yes
C30742,Data Analyst,2021-03-24,80,Job Portal,No
C30743,Data Analyst,2021-03-17,71,Agency,Yes
C30744,Financial Analyst,2022-09-24,21,Campus,No
C30745,Process Manager,2023-02-18,76,Job Portal,Yes
C30746,HR Executive,2022-01-03,72,Referral,Yes
C30747,Sales Executive,2023-08-22,79,Referral,Yes
C30748,Financial Analyst,2022-07-12,79,Job Portal,Yes
C30749,Operations Analyst,2022-04-03,48,Campus,Yes
C30750,Process Manager,2021-11-27,56,Agency,No
C30751,HR Executive,2023-07-14,52,Referral,Yes
C30752,QA Engineer,2023-01-22,47,Job Portal,Yes
C30753,QA Engineer,2022-02-14,48,Campus,Yes
C30754,Sales Executive,2023-11-02,74,Campus,Yes
C30755,Process Manager,2022-10-28,48,Job Portal,No
C30756,Financial Analyst,2022-09-11,20,Job Portal,Yes
C30757,Operations Analyst,2021-03-03,71,Agency,No
C30758,Software Engineer,2022-02-10,19,Referral,Yes
C30759,Financial Analyst,2022-09-24,39,Referral,Yes
C30760,Process Manager,2022-02-18,15,Campus,No
C30761,Software Engineer,2022-05-03,88,Campus,No
C30762,Data Analyst,2021-09-11,17,Agency,Yes
C30763,Accountant,2021-07-27,27,Referral,Yes
C30764,Data Analyst,2022-04-07,57,Job Portal,No
C30765,HR Business Partner,2021-09-21,81,Job Portal,Yes
C30766,Operations Analyst,2021-11-07,42,Referral,Yes
C30767,Process Manager,2023-02-03,51,Job Portal,Yes
C30768,Operations Analyst,2023-09-17,18,Campus,Yes
C30769,Financial Analyst,2022-03-18,29,Referral,Yes
C30770,Operations Analyst,2021-04-21,67,Job Portal,Yes
C30771,Sales Executive,2023-01-10,83,Job Portal,Yes
C30772,Account Manager,2022-03-18,41,Campus,Yes
C30773,HR Business Partner,2022-11-19,45,Agency,No
C30774,HR Executive,2022-03-24,15,Agency,No
C30775,HR Business Partner,2023-06-07,75,Referral,Yes
C30776,Process Manager,2021-06-27,42,Referral,Yes
C30777,Sales Executive,2023-06-12,44,Job Portal,Yes
C30778,Operations Analyst,2021-08-03,38,Agency,No
C30779,Financial Analyst,2022-06-17,32,Job Portal,Yes
C30780,Process Manager,2022-05-06,16,Referral,No
C30781,Sales Executive,2021-02-19,80,Referral,Yes
C30782,Operations Analyst,2021-07-05,46,Job Portal,Yes
C30783,Software Engineer,2021-08-07,47,Campus,Yes
C30784,Data Analyst,2021-08-17,33,Campus,Yes
C30785,Process Manager,2022-11-16,41,Agency,Yes
C30786,Financial Analyst,2021-03-05,55,Job Portal,Yes
C30787,Process Manager,2021-12-05,56,Job Portal,No
C30788,Account Manager,2022-02-19,30,Campus,Yes
C30789,QA Engineer,2022-01-21,43,Job Portal,Yes
C30790,Software Engineer,2022-09-08,35,Referral,Yes
C30791,QA Engineer,2022-04-04,53,Campus,Yes
C30792,Process Manager,2022-03-24,60,Campus,Yes
C30793,Data Analyst,2021-12-05,55,Referral,Yes
C30794,Sales Executive,2022-05-24,51,Job Portal,Yes
C30795,Account Manager,2022-11-26,53,Campus,Yes
C30796,Financial Analyst,2021-07-13,60,Job Portal,No
C30797,Sales Executive,2022-04-13,46,Job Portal,Yes
C30798,Financial Analyst,2021-02-13,76,Agency,Yes
C30799,Account Manager,2022-11-28,60,Referral,Yes
C30800,Sales Executive,2023-01-27,35,Job Portal,Yes
C30801,Software Engineer,2023-02-16,28,Referral,Yes
C30802,HR Executive,2023-06-22,37,Referral,Yes
C30803,Financial Analyst,2023-05-08,16,Job Portal,Yes
C30804,Data Analyst,2021-06-30,34,Referral,Yes
C30805,Software Engineer,2023-02-26,85,Campus,Yes
C30806,Software Engineer,2022-04-14,73,Agency,Yes
C30807,Data Analyst,2023-06-08,18,Job Portal,Yes
C30808,Data Analyst,2023-05-09,50,Referral,Yes
C30809,HR Business Partner,2023-01-15,55,Job Portal,Yes
C30810,Financial Analyst,2023-11-03,85,Job Portal,Yes
C30811,HR Business Partner,2023-03-22,32,Referral,Yes
C30812,Accountant,2021-03-12,85,Job Portal,Yes
C30813,Financial Analyst,2023-05-31,50,Job Portal,Yes
C30814,QA Engineer,2022-01-24,24,Job Portal,Yes
C30815,HR Business Partner,2023-06-21,33,Campus,Yes
C30816,HR Executive,2022-06-17,31,Job Portal,Yes
C30817,QA Engineer,2023-07-21,77,Job Portal,Yes
C30818,Data Analyst,2023-03-06,41,Job Portal,Yes
C30819,Process Manager,2021-08-25,42,Campus,Yes
C30820,Process Manager,2021-12-07,71,Referral,Yes
C30821,Process Manager,2021-11-09,55,Agency,Yes
C30822,Financial Analyst,2023-02-25,54,Agency,Yes
C30823,Operations Analyst,2022-10-31,36,Campus,Yes
C30824,HR Executive,2022-06-11,16,Referral,Yes
C30825,Sales Executive,2021-12-07,86,Job Portal,Yes
C30826,Account Manager,2023-01-09,29,Referral,No
C30827,Financial Analyst,2023-07-23,31,Campus,Yes
C30828,Financial Analyst,2022-09-24,29,Referral,Yes
C30829,Sales Executive,2021-12-08,76,Agency,No
C30830,QA Engineer,2023-07-24,24,Job Portal,No
C30831,Account Manager,2021-03-17,23,Job Portal,No
C30832,Software Engineer,2022-06-29,80,Job Portal,Yes
C30833,Sales Executive,2021-07-09,26,Referral,Yes
C30834,Process Manager,2023-02-19,41,Campus,Yes
C30835,Process Manager,2023-01-05,36,Job Portal,No
C30836,HR Executive,2022-08-02,36,Referral,Yes
C30837,Data Analyst,2023-01-02,23,Agency,Yes
C30838,Process Manager,2023-07-17,39,Agency,Yes
C30839,Data Analyst,2023-10-01,26,Referral,Yes
C30840,Accountant,2023-05-02,61,Referral,Yes
C30841,Financial Analyst,2021-04-20,19,Job Portal,Yes
C30842,Sales Executive,2022-02-26,46,Referral,Yes
C30843,HR Executive,2021-10-29,74,Job Portal,Yes
C30844,Account Manager,2022-05-23,53,Referral,Yes
C30845,Process Manager,2022-01-30,67,Job Portal,No
C30846,Account Manager,2023-10-30,37,Referral,Yes
C30847,Sales Executive,2022-07-17,79,Campus,Yes
C30848,Operations Analyst,2022-02-27,38,Job Portal,Yes
C30849,Operations Analyst,2022-08-28,46,Job Portal,Yes
C30850,HR Business Partner,2022-09-20,62,Referral,No
C30851,Data Analyst,2022-03-08,63,Job Portal,No
C30852,Financial Analyst,2022-09-11,74,Job Portal,Yes
C30853,Software Engineer,2022-08-04,81,Job Portal,Yes
C30854,HR Executive,2023-03-18,69,Referral,No
C30855,Accountant,2023-08-16,56,Job Portal,Yes
C30856,Sales Executive,2023-08-07,61,Job Portal,Yes
C30857,HR Executive,2021-05-10,70,Referral,No
C30858,Data Analyst,2022-02-28,15,Job Portal,Yes
C30859,QA Engineer,2023-05-05,81,Job Portal,Yes
C30860,HR Business Partner,2021-09-29,50,Agency,Yes
C30861,Account Manager,2023-05-23,45,Referral,No
C30862,Software Engineer,2021-08-21,41,Campus,Yes
C30863,Account Manager,2022-07-03,40,Referral,Yes
C30864,Accountant,2023-08-09,50,Referral,Yes
C30865,Financial Analyst,2022-01-25,85,Agency,Yes
C30866,Financial Analyst,2021-08-28,72,Job Portal,No
C30867,Financial Analyst,2022-08-01,68,Job Portal,Yes
C30868,Account Manager,2021-10-27,56,Campus,Yes
C30869,Data Analyst,2022-10-08,72,Job Portal,No
C30870,Financial Analyst,2022-05-25,63,Job Portal,Yes
C30871,Software Engineer,2022-12-31,65,Referral,Yes
C30872,Software Engineer,2023-10-29,64,Referral,Yes
C30873,Operations Analyst,2022-10-25,57,Job Portal,Yes
C30874,Operations Analyst,2021-10-06,40,Campus,Yes
C30875,Financial Analyst,2022-12-26,34,Job Portal,Yes
C30876,Sales Executive,2021-09-01,85,Job Portal,No
C30877,HR Business Partner,2023-01-05,58,Campus,Yes
C30878,Operations Analyst,2023-09-27,40,Referral,Yes
C30879,Accountant,2022-10-12,75,Campus,Yes
C30880,Operations Analyst,2022-02-12,47,Referral,Yes
C30881,Operations Analyst,2021-08-18,67,Referral,No
C30882,Account Manager,2021-03-10,87,Campus,Yes
C30883,Account Manager,2022-11-12,37,Campus,Yes
C30884,Operations Analyst,2023-05-26,53,Job Portal,Yes
C30885,Operations Analyst,2021-03-15,58,Job Portal,Yes
C30886,HR Business Partner,2021-08-14,88,Referral,Yes
C30887,HR Business Partner,2023-02-06,58,Job Portal,Yes
C30888,Operations Analyst,2023-07-17,71,Job Portal,Yes
C30889,Process Manager,2023-06-19,33,Referral,No
C30890,Process Manager,2021-10-02,21,Referral,Yes
C30891,QA Engineer,2021-06-16,23,Referral,Yes
C30892,Accountant,2022-01-20,71,Referral,Yes
C30893,HR Executive,2021-12-25,27,Referral,Yes
C30894,HR Executive,2021-10-28,58,Referral,Yes
C30895,Data Analyst,2022-01-02,23,Job Portal,Yes
C30896,Data Analyst,2023-10-31,72,Job Portal,Yes
C30897,Account Manager,2022-11-12,65,Referral,Yes
C30898,Accountant,2023-10-06,27,Job Portal,Yes
C30899,QA Engineer,2023-05-03,75,Job Portal,Yes
C30900,QA Engineer,2022-05-15,23,Job Portal,Yes
C30901,Process Manager,2021-04-25,37,Campus,Yes
C30902,Data Analyst,2021-04-07,89,Job Portal,Yes
C30903,Process Manager,2022-04-04,40,Referral,Yes
C30904,Accountant,2023-01-01,70,Referral,No
C30905,Sales Executive,2021-05-23,43,Referral,No
C30906,Software Engineer,2021-04-28,43,Job Portal,No
C30907,Sales Executive,2023-03-18,73,Job Portal,Yes
C30908,Operations Analyst,2021-03-19,53,Referral,No
C30909,Operations Analyst,2021-04-26,21,Job Portal,Yes
C30910,Account Manager,2023-08-31,22,Referral,Yes
C30911,Process Manager,2023-04-29,40,Campus,Yes
C30912,Operations Analyst,2022-01-03,26,Job Portal,No
C30913,Operations Analyst,2023-06-02,43,Agency,Yes
C30914,QA Engineer,2022-10-05,28,Campus,Yes
C30915,Financial Analyst,2023-01-11,41,Agency,No
C30916,HR Executive,2022-01-15,20,Job Portal,No
C30917,HR Executive,2022-03-16,51,Referral,No
C30918,Operations Analyst,2022-05-02,71,Job Portal,Yes
C30919,Process Manager,2022-02-01,31,Job Portal,Yes
C30920,HR Business Partner,2022-01-31,83,Job Portal,Yes
C30921,HR Executive,2022-12-18,81,Job Portal,Yes
C30922,HR Executive,2023-10-23,71,Job Portal,Yes
C30923,QA Engineer,2021-10-08,17,Job Portal,Yes
C30924,Operations Analyst,2021-05-24,86,Agency,No
C30925,HR Executive,2022-12-20,43,Referral,Yes
C30926,Sales Executive,2022-11-07,33,Job Portal,Yes
C30927,Sales Executive,2021-06-28,51,Campus,Yes
C30928,Sales Executive,2022-12-25,26,Referral,Yes
C30929,Accountant,2023-10-27,30,Job Portal,Yes
C30930,Operations Analyst,2023-08-29,17,Job Portal,Yes
C30931,HR Business Partner,2021-06-22,46,Referral,Yes
C30932,Operations Analyst,2022-07-04,75,Agency,Yes
C30933,Account Manager,2023-05-31,15,Campus,Yes
C30934,Sales Executive,2022-03-19,51,Campus,Yes
C30935,Software Engineer,2022-08-28,27,Agency,No
C30936,HR Business Partner,2021-03-02,73,Campus,Yes
C30937,Account Manager,2021-07-16,39,Job Portal,Yes
C30938,Data Analyst,2022-06-12,63,Referral,Yes
C30939,Process Manager,2022-06-25,76,Job Portal,Yes
C30940,Accountant,2022-07-03,76,Referral,Yes
C30941,Data Analyst,2023-07-05,82,Referral,Yes
C30942,HR Executive,2023-07-14,83,Referral,No
C30943,Process Manager,2022-04-13,49,Job Portal,Yes
C30944,HR Business Partner,2023-07-23,76,Agency,No
C30945,HR Executive,2023-04-25,69,Referral,Yes
C30946,QA Engineer,2021-04-17,67,Agency,Yes
C30947,QA Engineer,2022-03-24,63,Campus,Yes
C30948,Accountant,2021-11-12,54,Campus,Yes
C30949,Operations Analyst,2022-12-22,73,Job Portal,Yes
C30950,HR Executive,2021-06-23,68,Job Portal,Yes
C30951,Operations Analyst,2021-09-29,57,Job Portal,Yes
C30952,Data Analyst,2021-07-02,86,Campus,No
C30953,Software Engineer,2023-07-10,67,Job Portal,Yes
C30954,Financial Analyst,2023-03-20,48,Referral,Yes
C30955,QA Engineer,2023-04-17,72,Referral,Yes
C30956,Sales Executive,2021-05-08,75,Job Portal,Yes
C30957,Account Manager,2022-01-06,51,Campus,Yes
C30958,HR Executive,2021-10-07,64,Agency,Yes
C30959,Operations Analyst,2021-11-30,44,Campus,No
C30960,Data Analyst,2023-07-21,81,Job Portal,Yes
C30961,Sales Executive,2022-06-14,31,Job Portal,Yes
C30962,Operations Analyst,2021-06-03,69,Referral,Yes
C30963,Financial Analyst,2021-11-15,36,Referral,Yes
C30964,Operations Analyst,2021-07-30,17,Job Portal,Yes
C30965,Operations Analyst,2023-07-30,31,Referral,Yes
C30966,Data Analyst,2022-11-02,84,Referral,Yes
C30967,HR Executive,2023-08-18,81,Referral,Yes
C30968,Financial Analyst,2022-04-26,19,Campus,No
C30969,HR Executive,2022-09-07,66,Job Portal,Yes
C30970,HR Executive,2021-07-31,86,Referral,Yes
C30971,Software Engineer,2023-08-30,74,Agency,Yes
C30972,Sales Executive,2023-04-10,51,Job Portal,Yes
C30973,Sales Executive,2023-07-25,56,Campus,Yes
C30974,Financial Analyst,2021-09-15,88,Agency,Yes
C30975,Software Engineer,2023-03-02,73,Referral,Yes
C30976,Software Engineer,2022-11-01,63,Job Portal,No
C30977,Account Manager,2023-09-24,21,Referral,Yes
C30978,Software Engineer,2023-03-01,73,Agency,Yes
C30979,Financial Analyst,2021-08-16,23,Job Portal,Yes
C30980,Financial Analyst,2022-08-13,20,Job Portal,Yes
C30981,Financial Analyst,2022-08-14,23,Referral,Yes
C30982,HR Executive,2022-05-31,47,Job Portal,Yes
C30983,Process Manager,2023-01-24,23,Referral,No
C30984,Account Manager,2022-09-24,87,Referral,No
C30985,Sales Executive,2022-03-27,69,Job Portal,Yes
C30986,Operations Analyst,2023-05-22,45,Referral,Yes
C30987,HR Executive,2023-01-02,32,Referral,Yes
C30988,Accountant,2021-04-28,19,Job Portal,No
C30989,Operations Analyst,2023-04-12,75,Job Portal,Yes
C30990,Sales Executive,2023-08-13,56,Referral,No
C30991,Process Manager,2022-05-13,18,Referral,Yes
C30992,Sales Executive,2022-07-16,46,Agency,Yes
C30993,QA Engineer,2023-01-29,17,Referral,Yes
C30994,HR Business Partner,2023-03-07,28,Referral,Yes
C30995,HR Executive,2022-09-13,46,Job Portal,Yes
C30996,Process Manager,2023-06-29,68,Referral,Yes
C30997,Sales Executive,2023-02-25,82,Referral,No
C30998,HR Business Partner,2022-05-26,88,Referral,No
C30999,Account Manager,2021-07-03,29,Referral,Yes
C31000,Operations Analyst,2023-09-26,70,Job Portal,Yes
C31001,HR Business Partner,2021-07-23,57,Job Portal,Yes
C31002,HR Executive,2021-08-26,41,Job Portal,No
C31003,Sales Executive,2021-12-08,24,Campus,Yes
C31004,Software Engineer,2023-01-24,77,Agency,Yes
C31005,Operations Analyst,2023-04-07,74,Job Portal,Yes
C31006,Software Engineer,2022-08-14,65,Job Portal,Yes
C31007,Account Manager,2023-07-30,80,Referral,Yes
C31008,Sales Executive,2022-04-18,62,Referral,No
C31009,HR Executive,2023-03-20,77,Referral,Yes
C31010,HR Business Partner,2023-06-13,18,Referral,Yes
C31011,HR Business Partner,2021-12-15,66,Campus,Yes
C31012,HR Executive,2022-06-25,45,Job Portal,No
C31013,HR Executive,2022-07-14,87,Job Portal,Yes
C31014,HR Business Partner,2021-10-07,84,Referral,Yes
C31015,Financial Analyst,2021-02-15,46,Job Portal,No
C31016,Operations Analyst,2022-10-03,15,Job Portal,Yes
C31017,Process Manager,2023-02-25,64,Campus,Yes
C31018,Accountant,2021-11-04,34,Job Portal,Yes
C31019,HR Executive,2023-10-19,37,Campus,Yes
C31020,Sales Executive,2022-06-22,64,Job Portal,Yes
C31021,Financial Analyst,2022-04-02,45,Campus,Yes
C31022,Financial Analyst,2021-05-29,69,Job Portal,No
C31023,Process Manager,2021-05-05,67,Referral,No
C31024,Financial Analyst,2023-06-22,85,Agency,Yes
C31025,Data Analyst,2023-06-28,29,Referral,No
C31026,Process Manager,2021-09-11,55,Referral,Yes
C31027,HR Executive,2021-12-09,15,Referral,Yes
C31028,Account Manager,2021-03-14,82,Referral,Yes
C31029,Account Manager,2022-05-24,24,Job Portal,Yes
C31030,Financial Analyst,2022-05-09,65,Job Portal,Yes
C31031,HR Executive,2023-10-01,32,Referral,Yes
C31032,HR Executive,2023-06-27,35,Job Portal,No
C31033,HR Executive,2022-01-05,84,Job Portal,Yes
C31034,Account Manager,2021-07-10,56,Job Portal,Yes
C31035,Operations Analyst,2023-05-22,26,Campus,No
C31036,Financial Analyst,2022-11-16,43,Referral,Yes
C31037,Financial Analyst,2022-10-14,16,Referral,No
C31038,HR Business Partner,2023-05-10,40,Referral,No
C31039,Sales Executive,2022-09-27,85,Campus,Yes
C31040,Financial Analyst,2023-08-10,46,Agency,Yes
C31041,QA Engineer,2023-05-01,64,Job Portal,No
C31042,Software Engineer,2022-01-08,32,Agency,Yes
C31043,Account Manager,2022-07-05,70,Job Portal,No
C31044,Data Analyst,2023-06-30,45,Job Portal,Yes
C31045,Process Manager,2022-06-28,37,Agency,Yes
C31046,Account Manager,2021-06-08,49,Job Portal,No
C31047,Process Manager,2023-07-10,46,Job Portal,Yes
C31048,Data Analyst,2021-03-06,29,Referral,Yes
C31049,Software Engineer,2023-04-08,81,Job Portal,No
C31050,HR Executive,2021-02-24,20,Agency,Yes
C31051,Financial Analyst,2021-06-17,72,Referral,Yes
C31052,HR Executive,2023-04-26,18,Agency,Yes
C31053,HR Executive,2023-07-05,36,Job Portal,Yes
C31054,Account Manager,2021-06-21,53,Referral,No
C31055,HR Business Partner,2023-09-22,89,Job Portal,No
C31056,Sales Executive,2022-02-21,62,Referral,Yes
C31057,Sales Executive,2023-07-13,84,Job Portal,No
C31058,Software Engineer,2022-08-08,85,Job Portal,Yes
C31059,QA Engineer,2021-08-23,71,Referral,No
C31060,Account Manager,2022-08-24,38,Referral,Yes
C31061,Operations Analyst,2022-09-22,24,Agency,Yes
C31062,Account Manager,2021-05-05,18,Referral,Yes
C31063,Operations Analyst,2022-07-27,83,Job Portal,Yes
C31064,Accountant,2021-03-02,41,Job Portal,Yes
C31065,Accountant,2022-12-11,59,Campus,Yes
C31066,Process Manager,2022-08-08,39,Referral,Yes
C31067,Sales Executive,2021-09-20,30,Referral,Yes
C31068,QA Engineer,2023-04-09,71,Job Portal,Yes
C31069,QA Engineer,2021-06-30,21,Referral,Yes
C31070,Account Manager,2023-01-23,40,Referral,Yes
C31071,Accountant,2022-09-17,43,Agency,No
C31072,Operations Analyst,2021-11-17,50,Agency,Yes
C31073,Data Analyst,2021-11-20,53,Referral,Yes
C31074,Account Manager,2021-09-07,68,Job Portal,Yes
C31075,Process Manager,2023-03-19,79,Agency,Yes
C31076,Data Analyst,2021-06-23,45,Job Portal,Yes
C31077,Operations Analyst,2021-11-20,49,Campus,No
C31078,Data Analyst,2022-06-17,18,Referral,No
C31079,HR Executive,2023-06-18,21,Referral,Yes
C31080,Financial Analyst,2022-12-04,65,Job Portal,Yes
C31081,Financial Analyst,2021-05-10,57,Job Portal,Yes
C31082,Process Manager,2022-12-29,30,Referral,No
C31083,Account Manager,2022-07-21,45,Job Portal,Yes
C31084,Financial Analyst,2023-03-30,75,Campus,Yes
C31085,QA Engineer,2023-02-11,76,Referral,Yes
C31086,Financial Analyst,2023-10-31,85,Job Portal,No
C31087,Data Analyst,2021-08-14,62,Referral,Yes
C31088,HR Business Partner,2022-10-01,80,Referral,Yes
C31089,QA Engineer,2022-11-12,41,Agency,No
C31090,HR Business Partner,2021-02-27,44,Job Portal,No
C31091,Process Manager,2022-04-14,33,Referral,No
C31092,HR Executive,2023-04-15,64,Referral,Yes
C31093,Sales Executive,2023-08-02,50,Job Portal,No
C31094,Operations Analyst,2022-09-12,37,Referral,No
C31095,QA Engineer,2022-02-26,55,Job Portal,Yes
C31096,Software Engineer,2022-03-15,58,Referral,Yes
C31097,Sales Executive,2022-05-19,37,Referral,No
C31098,Accountant,2023-04-02,80,Campus,No
C31099,Operations Analyst,2023-02-16,81,Job Portal,Yes
C31100,Account Manager,2023-03-25,40,Campus,No
C31101,HR Business Partner,2021-09-12,37,Referral,Yes
C31102,Data Analyst,2022-09-18,26,Campus,Yes
C31103,Sales Executive,2023-03-28,75,Agency,Yes
C31104,HR Executive,2023-07-01,51,Referral,Yes
C31105,Account Manager,2023-02-07,47,Job Portal,No
C31106,Account Manager,2022-01-06,36,Job Portal,Yes
C31107,Financial Analyst,2023-10-07,72,Referral,Yes
C31108,Software Engineer,2022-08-02,62,Job Portal,Yes
C31109,Operations Analyst,2022-01-31,16,Referral,Yes
C31110,HR Executive,2022-06-05,32,Job Portal,Yes
C31111,Software Engineer,2021-08-01,38,Campus,Yes
C31112,Operations Analyst,2022-11-23,25,Job Portal,Yes
C31113,QA Engineer,2023-03-28,78,Job Portal,No
C31114,QA Engineer,2022-10-24,31,Referral,No
C31115,Data Analyst,2023-04-14,59,Referral,Yes
C31116,QA Engineer,2022-11-21,51,Agency,Yes
C31117,Software Engineer,2023-10-04,16,Campus,Yes
C31118,Financial Analyst,2022-10-12,42,Campus,Yes
C31119,Account Manager,2021-06-24,47,Campus,Yes
C31120,HR Executive,2021-09-19,77,Campus,Yes
C31121,Account Manager,2022-11-28,53,Campus,Yes
C31122,Account Manager,2021-07-17,41,Referral,Yes
C31123,Process Manager,2023-03-28,37,Job Portal,No
C31124,Process Manager,2021-11-04,62,Job Portal,Yes
C31125,Data Analyst,2021-03-27,85,Campus,Yes
C31126,Sales Executive,2022-01-20,33,Campus,Yes
C31127,Data Analyst,2023-01-12,41,Job Portal,Yes
C31128,Data Analyst,2023-09-09,67,Referral,Yes
C31129,HR Business Partner,2023-09-18,36,Referral,Yes
C31130,Operations Analyst,2023-03-25,85,Job Portal,Yes
C31131,HR Executive,2023-10-05,50,Job Portal,Yes
C31132,HR Business Partner,2021-07-16,57,Job Portal,Yes
C31133,Sales Executive,2022-12-05,40,Job Portal,Yes
C31134,Accountant,2022-02-13,21,Referral,Yes
C31135,Software Engineer,2021-12-24,75,Referral,No
C31136,Account Manager,2022-01-19,43,Referral,No
C31137,Data Analyst,2021-07-10,72,Referral,No
C31138,Financial Analyst,2023-09-24,16,Referral,Yes
C31139,Account Manager,2021-11-26,57,Campus,Yes
C31140,Account Manager,2023-03-15,37,Job Portal,Yes
C31141,Process Manager,2022-07-01,71,Job Portal,Yes
C31142,HR Business Partner,2021-10-14,86,Referral,Yes
C31143,Data Analyst,2023-07-07,51,Referral,No
C31144,Data Analyst,2021-05-14,17,Job Portal,No
C31145,Operations Analyst,2022-11-30,65,Job Portal,Yes
C31146,Data Analyst,2022-06-23,78,Referral,No
C31147,Operations Analyst,2023-04-29,42,Referral,No
C31148,Data Analyst,2021-10-07,25,Job Portal,Yes
C31149,Software Engineer,2021-07-15,54,Job Portal,Yes
C31150,Financial Analyst,2023-01-02,83,Job Portal,Yes
C31151,Accountant,2021-12-08,41,Referral,Yes
C31152,QA Engineer,2023-07-05,60,Job Portal,Yes
C31153,QA Engineer,2023-04-22,76,Campus,Yes
C31154,Software Engineer,2021-12-30,83,Referral,Yes
C31155,Account Manager,2022-10-09,25,Agency,Yes
C31156,Financial Analyst,2022-10-07,41,Job Portal,Yes
C31157,Process Manager,2022-06-25,66,Referral,No
C31158,Financial Analyst,2022-11-29,32,Referral,No
C31159,Software Engineer,2022-07-20,54,Job Portal,Yes
C31160,Accountant,2022-02-18,62,Job Portal,Yes
C31161,Data Analyst,2022-04-01,30,Job Portal,Yes
C31162,Software Engineer,2021-04-05,46,Agency,Yes
C31163,Operations Analyst,2023-06-16,58,Job Portal,Yes
C31164,Software Engineer,2022-04-20,22,Job Portal,Yes
C31165,Accountant,2021-09-11,41,Job Portal,Yes
C31166,Accountant,2021-09-14,77,Referral,No
C31167,Process Manager,2023-02-15,65,Agency,No
C31168,Software Engineer,2021-04-26,61,Campus,Yes
C31169,QA Engineer,2023-04-28,46,Job Portal,Yes
C31170,Accountant,2023-09-24,22,Campus,No
C31171,Process Manager,2023-03-31,19,Job Portal,Yes
C31172,HR Business Partner,2023-02-11,51,Campus,Yes
C31173,Operations Analyst,2022-09-26,88,Job Portal,Yes
C31174,HR Executive,2021-05-29,20,Referral,Yes
C31175,Software Engineer,2023-05-07,29,Referral,Yes
C31176,Account Manager,2021-12-07,24,Campus,Yes
C31177,Sales Executive,2021-05-21,53,Referral,No
C31178,Data Analyst,2022-12-04,24,Referral,Yes
C31179,Data Analyst,2023-10-22,88,Job Portal,Yes
C31180,Accountant,2021-08-21,50,Agency,Yes
C31181,HR Executive,2022-04-12,88,Referral,Yes
C31182,Data Analyst,2022-06-03,30,Referral,Yes
C31183,HR Business Partner,2023-10-20,60,Agency,Yes
C31184,HR Executive,2022-08-02,20,Job Portal,Yes
C31185,Financial Analyst,2022-11-11,85,Job Portal,Yes
C31186,Account Manager,2022-09-24,64,Job Portal,Yes
C31187,Accountant,2023-10-23,48,Referral,Yes
C31188,Process Manager,2022-05-15,64,Job Portal,Yes
C31189,Data Analyst,2021-10-05,80,Referral,Yes
C31190,Process Manager,2023-10-17,73,Job Portal,Yes
C31191,Software Engineer,2022-03-22,22,Agency,No
C31192,Software Engineer,2023-03-29,22,Campus,Yes
C31193,HR Executive,2021-08-27,43,Job Portal,Yes
C31194,HR Executive,2021-10-21,52,Job Portal,Yes
C31195,Financial Analyst,2023-01-10,86,Job Portal,Yes
C31196,HR Executive,2023-10-17,18,Referral,Yes
C31197,Accountant,2022-07-12,69,Referral,Yes
C31198,QA Engineer,2022-06-03,78,Job Portal,No
C31199,Software Engineer,2023-09-02,55,Agency,Yes
C31200,Accountant,2022-08-08,81,Referral,Yes
C31201,Software Engineer,2022-09-22,26,Job Portal,Yes
C31202,Software Engineer,2023-05-16,65,Agency,Yes
C31203,QA Engineer,2022-10-29,45,Referral,Yes
C31204,QA Engineer,2022-04-26,42,Agency,Yes
C31205,HR Executive,2022-10-10,70,Campus,Yes
C31206,Data Analyst,2023-10-28,48,Referral,Yes
C31207,Sales Executive,2023-04-26,27,Job Portal,Yes
C31208,Sales Executive,2021-11-24,84,Agency,No
C31209,Sales Executive,2021-08-05,33,Referral,Yes
C31210,Operations Analyst,2021-10-21,39,Referral,Yes
C31211,Accountant,2021-04-24,52,Job Portal,Yes
C31212,HR Business Partner,2021-03-22,50,Referral,No
C31213,Process Manager,2021-07-05,21,Referral,Yes
C31214,HR Business Partner,2022-07-21,63,Job Portal,Yes
C31215,Software Engineer,2022-10-04,28,Job Portal,Yes
C31216,HR Executive,2021-06-05,40,Job Portal,Yes
C31217,HR Executive,2022-01-13,76,Agency,Yes
C31218,Software Engineer,2021-05-26,69,Referral,Yes
C31219,Process Manager,2023-03-26,17,Campus,Yes
C31220,Data Analyst,2021-12-11,25,Campus,Yes
C31221,QA Engineer,2023-01-28,22,Job Portal,Yes
C31222,Software Engineer,2021-06-01,29,Referral,Yes
C31223,Operations Analyst,2021-12-26,65,Campus,Yes
C31224,Accountant,2021-07-12,19,Job Portal,Yes
C31225,HR Business Partner,2023-01-18,75,Referral,Yes
C31226,Data Analyst,2021-04-27,61,Job Portal,Yes
C31227,Process Manager,2021-12-15,19,Referral,Yes
C31228,Accountant,2023-02-01,63,Referral,Yes
C31229,Operations Analyst,2022-06-26,21,Agency,Yes
C31230,Sales Executive,2023-02-24,51,Referral,Yes
C31231,Accountant,2021-04-18,88,Referral,Yes
C31232,Operations Analyst,2022-09-26,74,Job Portal,No
C31233,Accountant,2021-04-06,80,Referral,Yes
C31234,QA Engineer,2021-09-20,67,Campus,Yes
C31235,HR Business Partner,2021-02-12,16,Campus,Yes
C31236,Accountant,2023-07-19,85,Job Portal,Yes
C31237,Process Manager,2023-09-05,69,Job Portal,Yes
C31238,Account Manager,2023-04-14,62,Job Portal,No
C31239,Sales Executive,2023-07-10,34,Referral,Yes
C31240,HR Business Partner,2021-03-18,82,Agency,Yes
C31241,HR Executive,2022-01-25,89,Referral,Yes
C31242,Financial Analyst,2023-05-23,79,Agency,Yes
C31243,HR Executive,2022-01-23,24,Agency,Yes
C31244,HR Business Partner,2021-11-11,43,Referral,Yes
C31245,Sales Executive,2022-05-31,37,Job Portal,Yes
C31246,HR Business Partner,2023-01-12,52,Job Portal,Yes
C31247,HR Executive,2023-06-22,75,Job Portal,No
C31248,Sales Executive,2021-10-07,17,Job Portal,Yes
C31249,Process Manager,2022-05-30,59,Referral,Yes
C31250,Software Engineer,2022-10-18,49,Job Portal,Yes
C31251,QA Engineer,2023-06-19,35,Agency,Yes
C31252,Financial Analyst,2022-01-04,61,Referral,Yes
C31253,Process Manager,2022-08-31,54,Job Portal,Yes
C31254,Operations Analyst,2023-05-05,21,Campus,Yes
C31255,Data Analyst,2022-11-04,60,Job Portal,No
C31256,Sales Executive,2021-06-26,40,Referral,No
C31257,Process Manager,2023-01-19,75,Agency,No
C31258,Software Engineer,2023-06-05,60,Agency,Yes
C31259,Data Analyst,2022-08-10,66,Referral,Yes
C31260,Data Analyst,2022-12-29,84,Referral,No
C31261,Operations Analyst,2022-09-20,61,Referral,Yes
C31262,HR Business Partner,2023-04-01,84,Job Portal,Yes
C31263,Account Manager,2022-05-03,52,Referral,Yes
C31264,Software Engineer,2023-04-20,59,Job Portal,Yes
C31265,Operations Analyst,2021-03-05,47,Campus,Yes
C31266,Financial Analyst,2023-09-11,80,Agency,No
C31267,Accountant,2021-07-25,78,Job Portal,Yes
C31268,Process Manager,2022-06-03,65,Agency,Yes
C31269,Process Manager,2021-07-06,27,Job Portal,No
C31270,Financial Analyst,2022-03-16,58,Job Portal,Yes
C31271,Operations Analyst,2022-11-06,15,Job Portal,Yes
C31272,Account Manager,2021-10-02,42,Agency,Yes
C31273,HR Business Partner,2022-10-20,67,Referral,No
C31274,Operations Analyst,2022-10-31,61,Referral,No
C31275,QA Engineer,2023-07-24,21,Referral,Yes
C31276,Account Manager,2023-08-03,68,Referral,Yes
C31277,Account Manager,2021-05-12,32,Campus,Yes
C31278,Financial Analyst,2022-04-11,79,Job Portal,No
C31279,QA Engineer,2022-01-12,67,Agency,Yes
C31280,QA Engineer,2021-03-12,57,Job Portal,No
C31281,Accountant,2021-06-22,84,Job Portal,Yes
C31282,Operations Analyst,2021-04-10,15,Job Portal,Yes
C31283,Financial Analyst,2022-02-14,34,Job Portal,No
C31284,Account Manager,2022-05-24,19,Campus,Yes
C31285,Accountant,2022-01-01,28,Referral,Yes
C31286,Financial Analyst,2022-06-07,77,Campus,No
C31287,Accountant,2023-05-01,39,Job Portal,No
C31288,HR Business Partner,2022-07-03,22,Agency,Yes
C31289,HR Executive,2022-03-22,16,Referral,Yes
C31290,Software Engineer,2022-05-19,54,Referral,Yes
C31291,Accountant,2023-10-14,72,Agency,Yes
C31292,Sales Executive,2021-06-07,37,Job Portal,Yes
C31293,Accountant,2022-05-07,26,Agency,No
C31294,HR Business Partner,2023-01-11,35,Referral,No
C31295,Sales Executive,2023-09-11,23,Campus,Yes
C31296,Sales Executive,2023-05-25,16,Referral,Yes
C31297,Operations Analyst,2021-06-24,67,Campus,No
C31298,Account Manager,2022-02-09,46,Job Portal,No
C31299,Software Engineer,2023-03-13,37,Referral,Yes
C31300,Sales Executive,2023-08-01,60,Referral,Yes
C31301,QA Engineer,2022-12-14,50,Job Portal,Yes
C31302,HR Business Partner,2023-07-07,37,Referral,Yes
C31303,Financial Analyst,2023-02-12,78,Job Portal,Yes
C31304,HR Executive,2022-06-04,53,Job Portal,Yes
C31305,HR Business Partner,2023-03-05,40,Job Portal,Yes
C31306,Process Manager,2023-01-08,30,Agency,Yes
C31307,Operations Analyst,2021-10-17,73,Referral,No
C31308,QA Engineer,2022-05-15,86,Campus,Yes
C31309,Sales Executive,2023-04-06,32,Agency,Yes
C31310,HR Executive,2023-02-06,70,Referral,Yes
C31311,QA Engineer,2021-06-23,74,Campus,No
C31312,Financial Analyst,2022-03-13,30,Campus,No
C31313,Account Manager,2021-10-24,87,Agency,Yes
C31314,Sales Executive,2021-02-26,56,Referral,Yes
C31315,Accountant,2021-09-15,23,Job Portal,Yes
C31316,Data Analyst,2022-12-04,87,Campus,Yes
C31317,Operations Analyst,2022-07-05,31,Job Portal,Yes
C31318,HR Business Partner,2021-04-09,58,Referral,Yes
C31319,HR Business Partner,2022-06-21,17,Job Portal,Yes
C31320,QA Engineer,2022-05-04,37,Job Portal,Yes
C31321,Operations Analyst,2021-12-22,79,Job Portal,No
C31322,QA Engineer,2023-05-09,69,Referral,No
C31323,Accountant,2021-05-15,42,Job Portal,No
C31324,Operations Analyst,2021-09-21,87,Referral,No
C31325,QA Engineer,2021-08-25,82,Referral,No
C31326,Account Manager,2022-09-15,26,Campus,Yes
C31327,Data Analyst,2023-04-15,78,Referral,No
C31328,Sales Executive,2022-08-24,83,Referral,Yes
C31329,Accountant,2023-07-27,69,Campus,Yes
C31330,HR Executive,2021-10-18,86,Job Portal,Yes
C31331,Software Engineer,2022-11-29,70,Referral,No
C31332,HR Executive,2022-07-23,54,Job Portal,No
C31333,Software Engineer,2022-10-31,85,Agency,Yes
C31334,HR Executive,2021-12-04,24,Job Portal,Yes
C31335,Sales Executive,2022-06-16,68,Job Portal,No
C31336,Data Analyst,2021-08-25,21,Job Portal,Yes
C31337,Operations Analyst,2022-09-01,35,Job Portal,No
C31338,QA Engineer,2021-12-08,39,Referral,No
C31339,HR Business Partner,2023-03-30,63,Job Portal,Yes
C31340,Data Analyst,2022-06-12,81,Job Portal,No
C31341,Sales Executive,2023-08-19,79,Job Portal,No
C31342,Accountant,2022-05-29,46,Job Portal,Yes
C31343,Sales Executive,2021-04-02,70,Campus,No
C31344,Account Manager,2021-02-15,66,Referral,Yes
C31345,HR Business Partner,2023-04-19,55,Referral,Yes
C31346,Accountant,2022-06-25,88,Campus,Yes
C31347,HR Executive,2023-06-28,66,Referral,Yes
C31348,HR Business Partner,2023-09-06,61,Referral,No
C31349,Financial Analyst,2022-09-22,38,Job Portal,Yes
C31350,Software Engineer,2021-05-26,32,Referral,No
C31351,HR Business Partner,2021-08-14,25,Job Portal,Yes
C31352,Data Analyst,2023-01-06,15,Job Portal,Yes
C31353,Data Analyst,2021-04-19,80,Job Portal,Yes
C31354,QA Engineer,2023-07-22,70,Referral,Yes
C31355,Software Engineer,2023-03-19,17,Referral,Yes
C31356,Financial Analyst,2022-05-26,44,Referral,Yes
C31357,HR Business Partner,2023-03-07,79,Referral,Yes
C31358,Process Manager,2023-11-05,23,Campus,Yes
C31359,Accountant,2021-12-06,17,Referral,Yes
C31360,Financial Analyst,2022-06-27,32,Job Portal,No
C31361,Accountant,2021-12-21,18,Referral,Yes
C31362,Sales Executive,2022-03-14,53,Job Portal,Yes
C31363,Sales Executive,2021-07-28,67,Job Portal,Yes
C31364,Process Manager,2022-10-05,76,Job Portal,Yes
C31365,Process Manager,2023-02-03,61,Referral,Yes
C31366,Accountant,2021-03-05,82,Campus,No
C31367,Sales Executive,2021-09-02,29,Job Portal,No
C31368,Data Analyst,2022-10-06,30,Job Portal,No
C31369,Operations Analyst,2023-10-18,22,Agency,No
C31370,Accountant,2021-06-12,59,Referral,Yes
C31371,Financial Analyst,2023-06-26,83,Campus,Yes
C31372,Process Manager,2023-02-24,73,Job Portal,Yes
C31373,Account Manager,2021-03-12,81,Job Portal,Yes
C31374,QA Engineer,2022-10-05,36,Referral,Yes
C31375,HR Executive,2021-11-08,62,Job Portal,No
C31376,Financial Analyst,2022-11-30,44,Referral,No
C31377,Financial Analyst,2023-03-11,50,Job Portal,Yes
C31378,Operations Analyst,2023-01-28,41,Campus,Yes
C31379,Sales Executive,2021-11-10,70,Agency,Yes
C31380,Financial Analyst,2022-11-23,32,Job Portal,Yes
C31381,Sales Executive,2023-09-16,58,Job Portal,No
C31382,Process Manager,2022-04-19,15,Agency,Yes
C31383,HR Business Partner,2023-01-27,69,Job Portal,No
C31384,Software Engineer,2023-01-07,18,Job Portal,Yes
C31385,Accountant,2022-09-16,80,Campus,Yes
C31386,Accountant,2022-03-08,82,Referral,Yes
C31387,Financial Analyst,2023-09-08,79,Campus,Yes
C31388,Accountant,2021-09-07,48,Agency,Yes
C31389,Process Manager,2022-11-26,55,Referral,Yes
C31390,QA Engineer,2023-05-20,34,Referral,No
C31391,Sales Executive,2021-04-27,23,Campus,Yes
C31392,QA Engineer,2022-08-11,86,Job Portal,Yes
C31393,Financial Analyst,2023-08-29,73,Referral,Yes
C31394,QA Engineer,2022-04-05,76,Campus,Yes
C31395,Software Engineer,2022-05-01,43,Job Portal,Yes
C31396,Financial Analyst,2022-02-03,44,Job Portal,Yes
C31397,Financial Analyst,2022-01-07,23,Referral,Yes
C31398,Software Engineer,2021-02-21,32,Job Portal,Yes
C31399,Financial Analyst,2021-04-09,72,Referral,Yes
C31400,Financial Analyst,2022-05-01,65,Referral,Yes
C31401,Financial Analyst,2022-04-08,47,Job Portal,Yes
C31402,Account Manager,2023-05-22,71,Job Portal,Yes
C31403,Account Manager,2021-11-14,57,Agency,Yes
C31404,Operations Analyst,2021-04-01,42,Job Portal,No
C31405,Sales Executive,2023-09-28,34,Agency,No
C31406,Sales Executive,2022-04-11,43,Campus,No
C31407,QA Engineer,2021-12-06,78,Job Portal,Yes
C31408,Financial Analyst,2022-11-22,15,Agency,Yes
C31409,Operations Analyst,2022-12-13,16,Referral,No
C31410,Process Manager,2021-04-26,68,Job Portal,Yes
C31411,Data Analyst,2022-05-23,86,Referral,Yes
C31412,Accountant,2022-11-20,39,Job Portal,Yes
C31413,Sales Executive,2022-07-05,26,Job Portal,Yes
C31414,Data Analyst,2023-01-18,45,Job Portal,Yes
C31415,HR Business Partner,2021-11-07,47,Campus,Yes
C31416,Process Manager,2023-09-25,83,Campus,Yes
C31417,Financial Analyst,2022-08-18,82,Job Portal,Yes
C31418,QA Engineer,2023-10-13,40,Referral,Yes
C31419,HR Business Partner,2022-10-24,67,Referral,Yes
C31420,Operations Analyst,2022-02-28,49,Referral,Yes
C31421,HR Business Partner,2021-07-19,79,Job Portal,Yes
C31422,QA Engineer,2021-12-22,30,Referral,Yes
C31423,Process Manager,2023-01-30,77,Job Portal,Yes
C31424,Process Manager,2022-07-13,63,Referral,Yes
C31425,Data Analyst,2022-08-06,79,Agency,Yes
C31426,QA Engineer,2021-04-16,44,Referral,Yes
C31427,Software Engineer,2021-10-25,43,Job Portal,Yes
C31428,Software Engineer,2022-02-16,43,Job Portal,Yes
C31429,Accountant,2022-02-22,71,Job Portal,Yes
C31430,Financial Analyst,2023-06-30,32,Job Portal,Yes
C31431,HR Business Partner,2023-04-13,47,Job Portal,Yes
C31432,Financial Analyst,2023-01-18,24,Job Portal,Yes
C31433,HR Executive,2023-05-08,64,Referral,Yes
C31434,HR Executive,2023-09-16,65,Agency,Yes
C31435,Data Analyst,2023-04-29,23,Referral,Yes
C31436,Sales Executive,2022-03-04,47,Agency,Yes
C31437,QA Engineer,2023-01-20,22,Job Portal,Yes
C31438,Financial Analyst,2022-11-15,74,Job Portal,Yes
C31439,Sales Executive,2022-10-03,79,Job Portal,Yes
C31440,Data Analyst,2023-01-01,25,Job Portal,Yes
C31441,Account Manager,2022-03-11,20,Campus,No
C31442,QA Engineer,2022-04-23,78,Agency,Yes
C31443,Software Engineer,2023-08-02,54,Campus,Yes
C31444,Software Engineer,2022-04-20,83,Referral,Yes
C31445,Account Manager,2021-05-27,61,Job Portal,Yes
C31446,Operations Analyst,2023-02-22,36,Agency,Yes
C31447,Process Manager,2023-02-02,16,Agency,Yes
C31448,Data Analyst,2023-01-04,42,Referral,Yes
C31449,QA Engineer,2023-07-30,89,Referral,No
C31450,Software Engineer,2022-04-22,74,Referral,Yes
C31451,Operations Analyst,2023-02-20,83,Campus,No
C31452,Financial Analyst,2022-05-19,64,Referral,Yes
C31453,Accountant,2022-01-09,66,Job Portal,No
C31454,Software Engineer,2021-04-06,45,Referral,Yes
C31455,HR Business Partner,2023-01-31,67,Referral,No
C31456,Operations Analyst,2022-01-06,78,Referral,Yes
C31457,Accountant,2022-12-29,78,Job Portal,Yes
C31458,Data Analyst,2022-12-19,71,Agency,Yes
C31459,Accountant,2021-05-28,61,Job Portal,Yes
C31460,Operations Analyst,2023-10-13,45,Job Portal,No
C31461,Sales Executive,2023-01-11,61,Job Portal,Yes
C31462,Account Manager,2021-03-18,55,Referral,Yes
C31463,Process Manager,2022-07-08,79,Job Portal,Yes
C31464,HR Business Partner,2021-12-23,16,Job Portal,Yes
C31465,HR Executive,2023-08-10,75,Referral,No
C31466,Sales Executive,2023-08-15,35,Referral,No
C31467,Sales Executive,2022-05-27,58,Job Portal,No
C31468,QA Engineer,2023-06-02,87,Campus,Yes
C31469,Account Manager,2022-03-14,82,Referral,Yes
C31470,Sales Executive,2021-05-31,26,Referral,Yes
C31471,Process Manager,2022-01-24,29,Agency,Yes
C31472,HR Executive,2021-05-09,57,Referral,Yes
C31473,Sales Executive,2021-11-17,63,Referral,Yes
C31474,HR Business Partner,2022-02-03,50,Job Portal,Yes
C31475,Financial Analyst,2023-01-24,61,Job Portal,Yes
C31476,HR Business Partner,2021-06-30,30,Referral,Yes
C31477,HR Executive,2022-03-09,61,Campus,Yes
C31478,QA Engineer,2021-04-06,70,Referral,Yes
C31479,HR Executive,2021-12-24,75,Job Portal,Yes
C31480,Sales Executive,2022-12-17,66,Job Portal,No
C31481,Financial Analyst,2021-09-18,68,Job Portal,Yes
C31482,HR Business Partner,2023-03-10,82,Job Portal,Yes
C31483,HR Business Partner,2021-04-20,80,Job Portal,Yes
C31484,QA Engineer,2023-04-03,22,Referral,No
C31485,Operations Analyst,2021-11-22,15,Job Portal,Yes
C31486,HR Executive,2021-12-12,21,Referral,Yes
C31487,Data Analyst,2021-08-01,22,Referral,Yes
C31488,Data Analyst,2022-04-15,63,Job Portal,No
C31489,Sales Executive,2022-10-11,39,Campus,Yes
C31490,HR Business Partner,2023-11-02,21,Referral,Yes
C31491,Accountant,2022-07-13,17,Campus,Yes
C31492,Account Manager,2021-06-30,48,Campus,No
C31493,HR Business Partner,2022-02-20,48,Campus,Yes
C31494,Software Engineer,2022-12-01,29,Job Portal,Yes
C31495,Sales Executive,2023-10-06,87,Job Portal,Yes
C31496,Operations Analyst,2023-09-07,21,Job Portal,Yes
C31497,Financial Analyst,2022-10-07,75,Job Portal,Yes
C31498,Operations Analyst,2023-04-12,26,Campus,No
C31499,HR Executive,2023-04-25,51,Job Portal,Yes
C31500,Financial Analyst,2023-06-27,53,Job Portal,Yes
C31501,Process Manager,2021-05-26,46,Referral,Yes
C31502,Operations Analyst,2022-07-07,66,Referral,Yes
C31503,Process Manager,2022-06-16,18,Referral,Yes
C31504,HR Business Partner,2022-01-05,26,Referral,Yes
C31505,Process Manager,2023-03-12,87,Campus,Yes
C31506,HR Executive,2021-04-13,42,Agency,Yes
C31507,Financial Analyst,2022-06-06,61,Referral,No
C31508,Account Manager,2021-11-23,20,Referral,Yes
C31509,Operations Analyst,2023-02-11,23,Job Portal,Yes
C31510,Financial Analyst,2021-08-08,80,Referral,Yes
C31511,Accountant,2022-12-21,88,Job Portal,Yes
C31512,Software Engineer,2023-08-16,51,Referral,Yes
C31513,Operations Analyst,2021-09-06,34,Job Portal,Yes
C31514,Process Manager,2021-10-10,53,Job Portal,Yes
C31515,QA Engineer,2021-06-24,62,Job Portal,No
C31516,Operations Analyst,2023-10-14,33,Campus,No
C31517,Financial Analyst,2021-05-28,76,Referral,No
C31518,Account Manager,2022-03-04,54,Agency,Yes
C31519,Financial Analyst,2022-10-30,59,Agency,No
C31520,Sales Executive,2022-12-26,88,Referral,Yes
C31521,HR Business Partner,2022-10-20,42,Job Portal,Yes
C31522,Data Analyst,2021-05-29,24,Agency,Yes
C31523,Process Manager,2023-08-20,35,Agency,Yes
C31524,Sales Executive,2021-11-04,54,Agency,Yes
C31525,Operations Analyst,2022-12-03,78,Referral,Yes
C31526,Account Manager,2021-05-16,42,Agency,No
C31527,Operations Analyst,2021-07-17,27,Agency,No
C31528,Sales Executive,2023-09-02,66,Job Portal,Yes
C31529,QA Engineer,2023-01-13,35,Job Portal,Yes
C31530,HR Executive,2021-11-01,32,Referral,No
C31531,Operations Analyst,2023-10-12,52,Referral,Yes
C31532,Process Manager,2021-03-31,74,Referral,Yes
C31533,Operations Analyst,2021-10-24,74,Job Portal,Yes
C31534,QA Engineer,2022-08-21,31,Referral,No
C31535,HR Executive,2023-09-23,21,Job Portal,Yes
C31536,Operations Analyst,2023-07-21,32,Referral,Yes
C31537,Process Manager,2021-07-05,73,Referral,Yes
C31538,Sales Executive,2022-08-14,51,Job Portal,Yes
C31539,Sales Executive,2021-03-21,76,Referral,Yes
C31540,Process Manager,2021-11-21,23,Job Portal,No
C31541,QA Engineer,2021-02-17,43,Job Portal,No
C31542,Software Engineer,2023-04-21,32,Referral,Yes
C31543,QA Engineer,2021-09-22,64,Job Portal,Yes
C31544,Account Manager,2022-08-19,84,Referral,No
C31545,Process Manager,2022-11-04,60,Agency,Yes
C31546,Sales Executive,2023-06-15,86,Job Portal,No
C31547,HR Business Partner,2022-12-17,26,Job Portal,No
C31548,Operations Analyst,2022-08-29,35,Campus,No
C31549,HR Business Partner,2023-05-24,73,Agency,Yes
C31550,Operations Analyst,2022-10-26,40,Campus,Yes
C31551,Software Engineer,2022-05-02,45,Job Portal,Yes
C31552,HR Business Partner,2021-07-01,66,Referral,Yes
C31553,HR Business Partner,2021-06-22,19,Referral,Yes
C31554,Sales Executive,2023-03-08,20,Job Portal,No
C31555,QA Engineer,2023-10-18,46,Referral,Yes
C31556,QA Engineer,2021-06-03,60,Referral,Yes
C31557,Accountant,2022-03-30,81,Agency,No
C31558,HR Business Partner,2022-12-02,59,Referral,Yes
C31559,Operations Analyst,2021-09-02,62,Referral,Yes
C31560,Operations Analyst,2023-04-09,18,Referral,Yes
C31561,Software Engineer,2022-08-09,56,Job Portal,Yes
C31562,Accountant,2023-07-23,62,Job Portal,Yes
C31563,HR Business Partner,2021-09-11,72,Campus,No
C31564,Sales Executive,2023-02-03,49,Job Portal,Yes
C31565,Process Manager,2021-11-25,17,Job Portal,Yes
C31566,HR Business Partner,2023-05-10,19,Job Portal,Yes
C31567,Software Engineer,2022-03-03,22,Campus,No
C31568,Process Manager,2021-04-07,20,Job Portal,No
C31569,Account Manager,2023-02-12,57,Job Portal,Yes
C31570,Accountant,2021-10-16,77,Campus,No
C31571,HR Executive,2022-02-09,31,Referral,No
C31572,QA Engineer,2023-04-07,28,Campus,Yes
C31573,QA Engineer,2022-04-21,54,Job Portal,Yes
C31574,Operations Analyst,2023-01-27,36,Agency,Yes
C31575,Sales Executive,2023-06-29,38,Job Portal,Yes
C31576,Sales Executive,2021-06-30,44,Campus,Yes
C31577,QA Engineer,2023-04-12,39,Job Portal,No
C31578,QA Engineer,2022-12-13,53,Job Portal,Yes
C31579,Process Manager,2023-01-13,56,Job Portal,No
C31580,Software Engineer,2022-01-21,24,Referral,Yes
C31581,HR Executive,2021-07-01,29,Agency,Yes
C31582,Software Engineer,2022-07-22,26,Job Portal,No
C31583,Accountant,2022-04-13,68,Job Portal,Yes
C31584,Operations Analyst,2023-01-16,73,Job Portal,No
C31585,QA Engineer,2022-03-06,41,Job Portal,No
C31586,HR Business Partner,2021-09-22,51,Job Portal,Yes
C31587,HR Business Partner,2021-05-16,56,Job Portal,Yes
C31588,QA Engineer,2023-06-19,32,Job Portal,Yes
C31589,Operations Analyst,2021-03-17,79,Job Portal,Yes
C31590,Account Manager,2023-09-27,52,Job Portal,Yes
C31591,HR Business Partner,2023-09-09,57,Agency,No
C31592,Sales Executive,2023-01-08,62,Referral,Yes
C31593,Data Analyst,2022-12-21,37,Referral,Yes
C31594,HR Business Partner,2021-11-22,69,Campus,Yes
C31595,Sales Executive,2023-06-26,37,Campus,Yes
C31596,Accountant,2023-08-19,54,Referral,No
C31597,Data Analyst,2022-08-01,58,Referral,Yes
C31598,Data Analyst,2021-03-24,83,Job Portal,Yes
C31599,Software Engineer,2023-09-13,53,Referral,Yes
C31600,Sales Executive,2023-02-03,88,Job Portal,Yes
C31601,Account Manager,2023-08-31,81,Job Portal,Yes
C31602,Data Analyst,2023-05-14,73,Job Portal,No
C31603,Software Engineer,2022-12-29,57,Job Portal,Yes
C31604,Operations Analyst,2023-01-22,34,Job Portal,Yes
C31605,Operations Analyst,2023-03-22,86,Referral,Yes
C31606,Process Manager,2023-01-20,64,Job Portal,Yes
C31607,Accountant,2021-10-12,75,Referral,Yes
C31608,QA Engineer,2022-07-15,65,Job Portal,Yes
C31609,Accountant,2022-04-20,71,Referral,Yes
C31610,Data Analyst,2022-05-27,80,Campus,Yes
C31611,Financial Analyst,2022-01-25,32,Job Portal,No
C31612,Account Manager,2023-08-31,34,Referral,No
C31613,Data Analyst,2022-11-17,59,Referral,No
C31614,Sales Executive,2023-02-17,70,Job Portal,Yes
C31615,Account Manager,2022-10-11,45,Agency,Yes
C31616,Operations Analyst,2023-01-13,40,Campus,Yes
C31617,HR Executive,2021-11-20,43,Campus,Yes
C31618,Financial Analyst,2023-09-18,63,Job Portal,Yes
C31619,Accountant,2021-08-31,46,Referral,Yes
C31620,Financial Analyst,2023-09-22,39,Job Portal,Yes
C31621,Account Manager,2023-06-22,20,Job Portal,Yes
C31622,Process Manager,2022-10-24,51,Campus,Yes
C31623,Sales Executive,2023-07-14,27,Referral,Yes
C31624,QA Engineer,2023-07-08,88,Referral,No
C31625,HR Business Partner,2022-06-16,53,Job Portal,No
C31626,Operations Analyst,2023-04-26,83,Referral,Yes
C31627,Financial Analyst,2021-02-26,72,Job Portal,Yes
C31628,Software Engineer,2022-09-06,32,Job Portal,Yes
C31629,HR Business Partner,2022-01-21,53,Referral,No
C31630,QA Engineer,2021-10-22,59,Campus,Yes
C31631,Financial Analyst,2022-10-15,60,Referral,No
C31632,Software Engineer,2021-07-01,21,Agency,Yes
C31633,Account Manager,2021-09-17,70,Job Portal,Yes
C31634,Operations Analyst,2021-06-13,39,Job Portal,Yes
C31635,Process Manager,2022-07-12,27,Referral,No
C31636,Process Manager,2022-03-13,35,Campus,No
C31637,Account Manager,2021-07-23,76,Referral,Yes
C31638,HR Executive,2022-12-08,25,Referral,No
C31639,HR Business Partner,2023-09-18,70,Referral,No
C31640,QA Engineer,2022-04-13,87,Job Portal,Yes
C31641,Sales Executive,2023-10-16,61,Referral,Yes
C31642,Data Analyst,2021-07-05,57,Job Portal,Yes
C31643,Financial Analyst,2023-01-18,67,Job Portal,Yes
C31644,Accountant,2022-11-25,41,Job Portal,Yes
C31645,Account Manager,2021-02-24,65,Referral,Yes
C31646,Accountant,2021-10-23,27,Job Portal,No
C31647,Data Analyst,2022-11-08,85,Campus,Yes
C31648,HR Executive,2022-11-24,79,Job Portal,Yes
C31649,Software Engineer,2023-03-12,34,Referral,Yes
C31650,Software Engineer,2023-03-12,32,Referral,Yes
C31651,HR Business Partner,2021-12-17,26,Referral,Yes
C31652,HR Business Partner,2022-06-06,42,Referral,Yes
C31653,Operations Analyst,2021-04-21,85,Referral,Yes
C31654,Process Manager,2022-09-14,65,Referral,Yes
C31655,Software Engineer,2021-07-18,89,Agency,Yes
C31656,Process Manager,2021-09-08,56,Referral,Yes
C31657,Financial Analyst,2022-02-06,61,Job Portal,No
C31658,Process Manager,2023-02-27,55,Referral,No
C31659,Financial Analyst,2023-09-25,29,Job Portal,Yes
C31660,Accountant,2023-06-12,55,Job Portal,Yes
C31661,HR Executive,2023-07-03,53,Campus,Yes
C31662,HR Executive,2021-03-11,44,Job Portal,Yes
C31663,Accountant,2021-10-11,28,Job Portal,No
C31664,Software Engineer,2021-09-05,72,Campus,No
C31665,Sales Executive,2023-04-29,24,Campus,Yes
C31666,Account Manager,2022-07-26,79,Job Portal,No
C31667,HR Executive,2021-05-31,20,Job Portal,Yes
C31668,Operations Analyst,2023-08-28,17,Agency,No
C31669,Account Manager,2021-05-09,83,Referral,Yes
C31670,Financial Analyst,2022-07-03,52,Campus,No
C31671,Software Engineer,2021-10-02,29,Job Portal,Yes
C31672,Sales Executive,2023-02-27,51,Job Portal,Yes
C31673,Data Analyst,2023-06-23,32,Referral,Yes
C31674,Operations Analyst,2021-10-27,30,Job Portal,Yes
C31675,QA Engineer,2023-05-10,74,Campus,Yes
C31676,QA Engineer,2023-06-25,45,Referral,Yes
C31677,Accountant,2021-05-13,47,Referral,Yes
C31678,Process Manager,2023-09-30,19,Agency,Yes
C31679,HR Executive,2023-09-12,34,Job Portal,Yes
C31680,QA Engineer,2023-08-11,47,Campus,Yes
C31681,Software Engineer,2021-07-11,44,Referral,Yes
C31682,HR Executive,2023-02-09,80,Campus,No
C31683,Operations Analyst,2022-04-02,22,Campus,No
C31684,HR Executive,2022-05-05,56,Job Portal,No
C31685,Accountant,2022-01-13,63,Referral,Yes
C31686,Accountant,2023-06-29,48,Referral,Yes
C31687,HR Business Partner,2022-06-02,74,Job Portal,Yes
C31688,Software Engineer,2021-06-26,49,Referral,Yes
C31689,Financial Analyst,2022-07-07,34,Agency,No
C31690,Data Analyst,2021-03-20,55,Job Portal,No
C31691,HR Business Partner,2021-12-29,27,Job Portal,Yes
C31692,Process Manager,2021-09-25,35,Job Portal,Yes
C31693,Software Engineer,2021-08-31,44,Job Portal,Yes
C31694,Process Manager,2023-07-08,29,Referral,Yes
C31695,HR Business Partner,2023-09-27,24,Job Portal,Yes
C31696,HR Executive,2022-08-19,24,Job Portal,Yes
C31697,HR Business Partner,2022-07-23,68,Job Portal,Yes
C31698,Data Analyst,2021-06-29,25,Referral,Yes
C31699,Accountant,2021-09-26,27,Job Portal,Yes
C31700,Financial Analyst,2023-06-09,56,Referral,Yes
C31701,Account Manager,2022-06-21,15,Job Portal,Yes
C31702,QA Engineer,2023-09-17,71,Agency,Yes
C31703,Financial Analyst,2022-08-17,39,Referral,Yes
C31704,HR Business Partner,2022-11-22,41,Referral,Yes
C31705,Sales Executive,2022-08-28,66,Job Portal,Yes
C31706,QA Engineer,2023-06-21,72,Referral,Yes
C31707,HR Business Partner,2022-11-24,60,Campus,Yes
C31708,Accountant,2022-05-13,75,Referral,Yes
C31709,Account Manager,2023-03-05,63,Referral,Yes
C31710,Financial Analyst,2021-08-09,22,Job Portal,Yes
C31711,Financial Analyst,2021-12-26,19,Campus,Yes
C31712,Software Engineer,2023-05-19,24,Job Portal,No
C31713,Accountant,2021-05-12,64,Referral,Yes
C31714,Operations Analyst,2021-07-10,81,Referral,Yes
C31715,QA Engineer,2022-03-14,48,Referral,Yes
C31716,Data Analyst,2022-12-05,52,Referral,Yes
C31717,Software Engineer,2023-09-24,41,Job Portal,No
C31718,Sales Executive,2023-06-07,86,Job Portal,Yes
C31719,HR Executive,2021-07-04,58,Agency,No
C31720,Accountant,2022-05-31,89,Job Portal,Yes
C31721,Financial Analyst,2021-12-10,16,Referral,Yes
C31722,Data Analyst,2023-10-22,77,Agency,No
C31723,Accountant,2022-03-15,79,Referral,No
C31724,Accountant,2023-08-17,48,Referral,Yes
C31725,HR Executive,2022-09-25,76,Referral,Yes
C31726,Account Manager,2022-08-13,71,Referral,Yes
C31727,Process Manager,2022-06-15,77,Referral,Yes
C31728,Process Manager,2023-10-13,29,Job Portal,Yes
C31729,QA Engineer,2023-05-11,37,Referral,No
C31730,HR Business Partner,2023-10-01,53,Campus,Yes
C31731,QA Engineer,2023-01-03,16,Referral,Yes
C31732,Data Analyst,2021-12-06,28,Job Portal,Yes
C31733,Software Engineer,2022-04-20,75,Job Portal,Yes
C31734,Operations Analyst,2023-02-17,45,Job Portal,Yes
C31735,HR Business Partner,2021-02-27,76,Referral,Yes
C31736,QA Engineer,2021-03-22,25,Campus,Yes
C31737,Data Analyst,2022-02-13,87,Job Portal,No
C31738,Data Analyst,2023-09-04,62,Referral,Yes
C31739,QA Engineer,2021-12-06,64,Referral,Yes
C31740,Operations Analyst,2021-06-15,66,Job Portal,No
C31741,Account Manager,2022-05-23,25,Job Portal,Yes
C31742,Data Analyst,2023-04-22,85,Campus,Yes
C31743,Data Analyst,2023-01-03,34,Job Portal,Yes
C31744,Data Analyst,2022-02-26,88,Campus,No
C31745,Financial Analyst,2023-08-19,47,Agency,Yes
C31746,Process Manager,2021-06-09,57,Referral,No
C31747,Sales Executive,2022-01-27,87,Job Portal,No
C31748,Accountant,2022-10-12,39,Job Portal,Yes
C31749,HR Business Partner,2021-11-01,32,Campus,No
C31750,Operations Analyst,2023-03-22,82,Campus,Yes
C31751,Data Analyst,2021-04-02,70,Referral,Yes
C31752,Sales Executive,2022-04-02,83,Agency,No
C31753,Account Manager,2021-04-06,23,Campus,Yes
C31754,HR Business Partner,2023-01-05,40,Job Portal,Yes
C31755,HR Executive,2023-10-23,80,Job Portal,No
C31756,HR Executive,2022-10-09,87,Referral,Yes
C31757,Operations Analyst,2023-07-28,70,Campus,Yes
C31758,Financial Analyst,2023-10-17,59,Job Portal,Yes
C31759,Data Analyst,2023-05-11,81,Job Portal,Yes
C31760,Account Manager,2021-10-20,15,Job Portal,Yes
C31761,QA Engineer,2022-07-02,64,Referral,Yes
C31762,Financial Analyst,2021-06-27,70,Job Portal,Yes
C31763,HR Executive,2023-10-10,34,Referral,Yes
C31764,HR Executive,2023-04-26,80,Referral,Yes
C31765,Data Analyst,2021-07-05,41,Referral,Yes
C31766,Process Manager,2021-06-24,77,Referral,No
C31767,QA Engineer,2023-04-26,52,Job Portal,Yes
C31768,Software Engineer,2021-05-19,34,Job Portal,Yes
C31769,Financial Analyst,2022-03-26,35,Campus,Yes
C31770,HR Business Partner,2021-05-09,85,Referral,Yes
C31771,Financial Analyst,2023-02-16,53,Referral,Yes
C31772,Account Manager,2021-12-21,67,Referral,Yes
C31773,Accountant,2023-07-08,52,Job Portal,Yes
C31774,HR Executive,2023-09-19,70,Job Portal,No
C31775,Software Engineer,2021-07-17,86,Campus,Yes
C31776,Account Manager,2021-10-27,86,Campus,Yes
C31777,Operations Analyst,2021-12-03,39,Job Portal,Yes
C31778,Accountant,2022-10-01,68,Job Portal,No
C31779,Sales Executive,2022-01-12,79,Job Portal,Yes
C31780,Software Engineer,2021-09-18,74,Campus,Yes
C31781,Account Manager,2023-04-15,85,Agency,Yes
C31782,Process Manager,2023-04-20,60,Job Portal,No
C31783,Account Manager,2022-04-07,78,Referral,Yes
C31784,Account Manager,2022-03-28,89,Referral,Yes
C31785,Accountant,2021-10-27,77,Job Portal,Yes
C31786,Process Manager,2022-08-08,22,Job Portal,Yes
C31787,Data Analyst,2023-08-01,45,Job Portal,No
C31788,HR Executive,2023-01-25,36,Job Portal,Yes
C31789,HR Executive,2021-11-22,83,Job Portal,Yes
C31790,Process Manager,2022-04-14,28,Agency,Yes
C31791,HR Executive,2022-06-13,82,Agency,Yes
C31792,QA Engineer,2023-06-03,50,Referral,No
C31793,Operations Analyst,2022-06-23,46,Job Portal,Yes
C31794,Process Manager,2022-02-01,61,Referral,No
C31795,Account Manager,2021-06-04,76,Referral,Yes
C31796,Financial Analyst,2022-10-22,32,Agency,Yes
C31797,Account Manager,2021-05-08,21,Job Portal,Yes
C31798,QA Engineer,2022-10-28,58,Job Portal,Yes
C31799,Accountant,2023-07-20,32,Referral,Yes
